-- --------------------------------------------------------
-- Host:                         127.0.0.1
-- Server version:               8.4.3 - MySQL Community Server - GPL
-- Server OS:                    Win64
-- HeidiSQL Version:             12.8.0.6908
-- --------------------------------------------------------

/*!40101 SET @OLD_CHARACTER_SET_CLIENT=@@CHARACTER_SET_CLIENT */;
/*!40101 SET NAMES utf8 */;
/*!50503 SET NAMES utf8mb4 */;
/*!40103 SET @OLD_TIME_ZONE=@@TIME_ZONE */;
/*!40103 SET TIME_ZONE='+00:00' */;
/*!40014 SET @OLD_FOREIGN_KEY_CHECKS=@@FOREIGN_KEY_CHECKS, FOREIGN_KEY_CHECKS=0 */;
/*!40101 SET @OLD_SQL_MODE=@@SQL_MODE, SQL_MODE='NO_AUTO_VALUE_ON_ZERO' */;
/*!40111 SET @OLD_SQL_NOTES=@@SQL_NOTES, SQL_NOTES=0 */;


-- Dumping database structure for eurotechdb
CREATE DATABASE IF NOT EXISTS `eurotechdb` /*!40100 DEFAULT CHARACTER SET utf8mb4 COLLATE utf8mb4_0900_ai_ci */ /*!80016 DEFAULT ENCRYPTION='N' */;
USE `eurotechdb`;

-- Dumping structure for table eurotechdb.bluseal_ppap
CREATE TABLE IF NOT EXISTS `bluseal_ppap` (
  `BS_PPAP_ID` int NOT NULL AUTO_INCREMENT,
  `FK_Customer_PN` varchar(30) CHARACTER SET utf8mb4 COLLATE utf8mb4_0900_ai_ci NOT NULL,
  `IMDS` varchar(15) CHARACTER SET utf8mb4 COLLATE utf8mb4_0900_ai_ci DEFAULT NULL,
  `Request_Date` date DEFAULT NULL,
  `PPAP_Received_Date` date DEFAULT NULL,
  `Sent_Customer` date DEFAULT NULL,
  `PPAP_Signed_Date` date DEFAULT NULL,
  `PPAP_ET` char(1) DEFAULT NULL,
  `IMDS_ET` char(1) DEFAULT NULL,
  PRIMARY KEY (`BS_PPAP_ID`) USING BTREE,
  KEY `FK1_Customer_PN-BS_PPAP` (`FK_Customer_PN`),
  CONSTRAINT `FK1_Customer_PN-BS_PPAP` FOREIGN KEY (`FK_Customer_PN`) REFERENCES `customer_pn` (`Customer_PN`)
) ENGINE=InnoDB AUTO_INCREMENT=17 DEFAULT CHARSET=utf8mb4 COLLATE=utf8mb4_0900_ai_ci;

-- Dumping data for table eurotechdb.bluseal_ppap: ~3 rows (approximately)
INSERT INTO `bluseal_ppap` (`BS_PPAP_ID`, `FK_Customer_PN`, `IMDS`, `Request_Date`, `PPAP_Received_Date`, `Sent_Customer`, `PPAP_Signed_Date`, `PPAP_ET`, `IMDS_ET`) VALUES
	(1, '12345', '098', '2025-09-26', '2025-09-26', '2025-09-27', NULL, NULL, NULL),
	(5, '12345', NULL, '2025-10-08', '2025-10-09', '2025-10-09', '2024-11-02', NULL, NULL),
	(6, '12345', NULL, '2025-10-14', NULL, NULL, NULL, NULL, NULL);

-- Dumping structure for table eurotechdb.cables_ppap
CREATE TABLE IF NOT EXISTS `cables_ppap` (
  `CAB_PPAP_ID` int NOT NULL AUTO_INCREMENT,
  `FK_Customer_PN` varchar(30) CHARACTER SET utf8mb4 COLLATE utf8mb4_0900_ai_ci NOT NULL,
  `PPAP_Requested_Date` date DEFAULT NULL,
  `PPAP_Received_Date` date DEFAULT NULL,
  `PPAP_Sent_Date` date DEFAULT NULL,
  `PPAP_Signed_Date` date DEFAULT NULL,
  `PSW_ET` char(1) DEFAULT NULL,
  `IMDS_ET` char(1) DEFAULT NULL,
  PRIMARY KEY (`CAB_PPAP_ID`),
  KEY `FK1_Customer_PN-CAB_PPAP` (`FK_Customer_PN`),
  CONSTRAINT `FK1_Customer_PN-CAB_PPAP` FOREIGN KEY (`FK_Customer_PN`) REFERENCES `customer_pn` (`Customer_PN`)
) ENGINE=InnoDB AUTO_INCREMENT=36 DEFAULT CHARSET=utf8mb4 COLLATE=utf8mb4_0900_ai_ci;

-- Dumping data for table eurotechdb.cables_ppap: ~3 rows (approximately)
INSERT INTO `cables_ppap` (`CAB_PPAP_ID`, `FK_Customer_PN`, `PPAP_Requested_Date`, `PPAP_Received_Date`, `PPAP_Sent_Date`, `PPAP_Signed_Date`, `PSW_ET`, `IMDS_ET`) VALUES
	(4, '163497', '2024-12-10', '2025-09-25', NULL, NULL, NULL, NULL),
	(5, '67845381', '2025-06-24', NULL, NULL, NULL, NULL, NULL),
	(6, '67845382', '2025-01-10', NULL, NULL, '2025-01-16', NULL, NULL);

-- Dumping structure for table eurotechdb.customers
CREATE TABLE IF NOT EXISTS `customers` (
  `Customer_ID` varchar(10) CHARACTER SET utf8mb4 COLLATE utf8mb4_0900_ai_ci NOT NULL,
  `Name` varchar(70) NOT NULL,
  `Products` tinytext CHARACTER SET utf8mb4 COLLATE utf8mb4_0900_ai_ci NOT NULL,
  `IMDS_ID_no` varchar(8) DEFAULT NULL,
  PRIMARY KEY (`Customer_ID`) USING BTREE,
  UNIQUE KEY `Name` (`Name`),
  UNIQUE KEY `IMDS_ID_no` (`IMDS_ID_no`)
) ENGINE=InnoDB DEFAULT CHARSET=utf8mb4 COLLATE=utf8mb4_0900_ai_ci;

-- Dumping data for table eurotechdb.customers: ~24 rows (approximately)
INSERT INTO `customers` (`Customer_ID`, `Name`, `Products`, `IMDS_ID_no`) VALUES
	('CUS002', 'Motherson/PKC', 'Cables', NULL),
	('CUS003', 'MSSL', 'Cables', NULL),
	('CUS004', 'Amphenol FCI/TCS', 'Tapes', '48001'),
	('CUS005', 'Amphenol ICA (Integrated Cable Assembly)', 'Tapes', NULL),
	('CUS006', 'AutoKabel of North America', 'Tapes, Tubes', '645'),
	('CUS007', 'Bizlink (Productos Excel de Mexico)', 'Tapes', '40429'),
	('CUS008', 'CVG (Commercial Vehicle Group)', 'Cables, Tapes', '132984'),
	('CUS009', 'Flextronics', 'Tapes', '21733'),
	('CUS010', 'GG Cables&Wires', 'Tapes', '17916'),
	('CUS011', 'Julian Electric', 'Tapes', '23248'),
	('CUS012', 'Kalas Manufacturing', 'Tapes', '9478'),
	('CUS013', 'SEWS (Sumitomo Electric Wiring Systems)', 'Tapes, Tubes', '56697'),
	('CUS014', 'St. Clair', 'Tapes', '20724'),
	('CUS015', 'Textape', 'Tapes', '46412'),
	('CUS017', 'CEMM', 'Tubes', NULL),
	('CUS018', 'ECI', 'Tubes', NULL),
	('CUS019', 'Lear', 'Tubes', NULL),
	('CUS020', 'Lear EU', 'Tubes', NULL),
	('CUS021', 'Meissner', 'Tubes', NULL),
	('CUS022', 'Nexans', 'Tubes', NULL),
	('CUS023', 'Senko', 'Tubes', NULL),
	('CUS025', 'Tenneco', 'Tubes', NULL),
	('CUS026', 'Yazaki', 'Tubes', NULL),
	('CUS1004', 'ClientePrueba', 'BluSeal', NULL);

-- Dumping structure for table eurotechdb.customer_pn
CREATE TABLE IF NOT EXISTS `customer_pn` (
  `Customer_PN` varchar(30) NOT NULL,
  `FK_Customer_ID` varchar(10) NOT NULL,
  `FK_Eurotech_PN` varchar(12) NOT NULL,
  PRIMARY KEY (`Customer_PN`),
  KEY `FK1_Customers-Customer_PN` (`FK_Customer_ID`),
  KEY `FK2_Products-Customer_PN` (`FK_Eurotech_PN`),
  CONSTRAINT `FK1_Customers-Customer_PN` FOREIGN KEY (`FK_Customer_ID`) REFERENCES `customers` (`Customer_ID`),
  CONSTRAINT `FK2_Products-Customer_PN` FOREIGN KEY (`FK_Eurotech_PN`) REFERENCES `products` (`Eurotech_PN`)
) ENGINE=InnoDB DEFAULT CHARSET=utf8mb4 COLLATE=utf8mb4_0900_ai_ci;

-- Dumping data for table eurotechdb.customer_pn: ~90 rows (approximately)
INSERT INTO `customer_pn` (`Customer_PN`, `FK_Customer_ID`, `FK_Eurotech_PN`) VALUES
	('012538', 'CUS021', 'P000030'),
	('10164237-001', 'CUS004', '831925B'),
	('10173694-001', 'CUS004', '8371925O'),
	('10173843-001', 'CUS004', '8371925B'),
	('108250', 'CUS010', '8801915B'),
	('122G0-001488-01', 'CUS007', '837X2525BLK'),
	('122G0-001639-01', 'CUS007', '8575X1905BLK'),
	('122G0-004059-01', 'CUS007', '317933WHT'),
	('122GO-002704-01', 'CUS007', '834MPX1905BK'),
	('12345', 'CUS1004', 'ET008-50'),
	('130851', 'CUS008', '8575X1905BLK'),
	('131646', 'CUS008', '1000324'),
	('138950', 'CUS008', '832MPX1915BK'),
	('146820', 'CUS008', '8555X1920BLK'),
	('149607', 'CUS008', '837XRT3510BK'),
	('162844', 'CUS010', '832MPX1915BK'),
	('163497', 'CUS008', 'P500000'),
	('198217', 'CUS010', '837XRT3510BK'),
	('2195', 'CUS012', '837X1925GRY'),
	('2196', 'CUS012', '8381966G'),
	('40002226', 'CUS013', '833MPX195BLK'),
	('40002433', 'CUS013', '8371925O'),
	('40002497', 'CUS013', '651MSX1933OR'),
	('40002498', 'CUS013', '651MSX2533OR'),
	('40021714', 'CUS013', '85511925BLK'),
	('40021743', 'CUS013', '8515X1910BLK'),
	('40021778', 'CUS013', '835X1925BLK'),
	('40021779', 'CUS013', '835X2525BLK'),
	('40021787', 'CUS013', '85101910BLK'),
	('40021804', 'CUS013', '1000325'),
	('40021815', 'CUS013', '835X925BLK'),
	('40021836', 'CUS013', '8351925BLK'),
	('40021860', 'CUS013', '832MPX1915BK'),
	('40021861', 'CUS013', '834MPX1905BK'),
	('40193540', 'CUS013', '5051925BLK'),
	('40194876', 'CUS013', 'CP837X525ORG'),
	('40194891', 'CUS013', '5121925BLK'),
	('48254', 'CUS006', '83751925'),
	('49997', 'CUS006', '8391925B'),
	('57225', 'CUS006', 'P000238'),
	('634421 25 00', 'CUS009', '1000321'),
	('648145 19 99', 'CUS009', '3171933WHT'),
	('67845381', 'CUS003', 'P500003'),
	('67845382', 'CUS002', 'P500023'),
	('69321134', 'CUS013', 'P000217'),
	('69321135', 'CUS013', 'P000270'),
	('707597-19-00', 'CUS009', '83751925'),
	('7094175930', 'CUS026', 'P000415'),
	('7094176230 Document ID 2552486', 'CUS026', 'P000336'),
	('7094176430 Document ID 2553139', 'CUS026', 'P000360'),
	('7094177130 Document ID 2757177', 'CUS026', 'P000708'),
	('710065 25 00', 'CUS009', '1000322'),
	('71076600', 'CUS009', '1288X1925SLV'),
	('832MPX-RT', 'CUS011', '832MPXRTBKR'),
	('837X 25 BK', 'CUS009', '837X2525BLK'),
	('837X-19-BK', 'CUS009', '8371925B'),
	('837X-19MM', 'CUS005', '8371925B'),
	('95849363', 'CUS022', 'P000677'),
	('95850698', 'CUS022', 'E101710'),
	('95890015', 'CUS022', 'E101707'),
	('99932941', 'CUS023', 'P001080'),
	('99932942', 'CUS023', 'P001081'),
	('99932943', 'CUS023', 'P001085'),
	('99932947', 'CUS023', 'P001078'),
	('99932951', 'CUS023', 'P001083'),
	('CHT8551BK-354', 'CUS015', '1000325'),
	('E26424100', 'CUS019', 'P000042'),
	('E26459700', 'CUS019', 'P000043'),
	('E33300300', 'CUS019', 'P000053'),
	('E33301100', 'CUS019', 'P000106'),
	('E34284700', 'CUS019', 'P000121'),
	('E36091300', 'CUS020', 'P000198'),
	('E37679000', 'CUS020', 'P000260'),
	('E38846500', 'CUS020', 'P000269'),
	('E38848500', 'CUS020', 'P000215'),
	('E38923900', 'CUS020', 'P000285'),
	('E38925400', 'CUS020', 'P000286'),
	('E38925800', 'CUS020', 'P000289'),
	('E39339000', 'CUS020', 'P000318'),
	('E55046100', 'CUS020', 'P001153'),
	('GAT001', 'CUS017', 'P000030'),
	('GAT023', 'CUS017', 'P000117'),
	('GAT101', 'CUS017', 'P000116'),
	('GAT125', 'CUS017', 'P000109'),
	('GAT130', 'CUS017', 'P001107'),
	('GAT132', 'CUS017', 'P001117'),
	('HST555P78', 'CUS018', 'P000115'),
	('M1317', 'CUS014', '8371925B'),
	('M1517', 'CUS014', '1000324'),
	('ZRM-982381-20', 'CUS025', 'P000110');

-- Dumping structure for table eurotechdb.customer_ppap_number
CREATE TABLE IF NOT EXISTS `customer_ppap_number` (
  `Customer_PPAP_Number` varchar(7) CHARACTER SET utf8mb4 COLLATE utf8mb4_0900_ai_ci NOT NULL,
  `FK_Customer_ID` varchar(10) CHARACTER SET utf8mb4 COLLATE utf8mb4_0900_ai_ci NOT NULL,
  `Country` varchar(30) CHARACTER SET utf8mb4 COLLATE utf8mb4_0900_ai_ci NOT NULL DEFAULT '0',
  PRIMARY KEY (`Customer_PPAP_Number`) USING BTREE,
  KEY `FK1_Customers-TUB_Customer_PPAP_Number` (`FK_Customer_ID`),
  CONSTRAINT `FK1_Customers-TUB_Customer_PPAP_Number` FOREIGN KEY (`FK_Customer_ID`) REFERENCES `customers` (`Customer_ID`)
) ENGINE=InnoDB DEFAULT CHARSET=utf8mb4 COLLATE=utf8mb4_0900_ai_ci;

-- Dumping data for table eurotechdb.customer_ppap_number: ~13 rows (approximately)
INSERT INTO `customer_ppap_number` (`Customer_PPAP_Number`, `FK_Customer_ID`, `Country`) VALUES
	('PP00012', 'CUS017', 'Mexico'),
	('PP00014', 'CUS018', 'Mexico'),
	('PP00015', 'CUS021', 'Germany'),
	('PP00016', 'CUS019', 'North America'),
	('PP00017', 'CUS019', 'Morocco'),
	('PP00019', 'CUS022', 'Mexico'),
	('PP00024', 'CUS020', 'EU'),
	('PP00025', 'CUS025', 'Mexico'),
	('PP00026', 'CUS013', 'Mexico'),
	('PP00045', 'CUS006', 'Mexico'),
	('PP00061', 'CUS026', 'North America'),
	('PP00062', 'CUS026', 'Brazil'),
	('PP00067', 'CUS023', 'Japan\r\n');

-- Dumping structure for table eurotechdb.ppap
CREATE TABLE IF NOT EXISTS `ppap` (
  `PPAP_ID` int NOT NULL AUTO_INCREMENT,
  `FK_Customer_PN` varchar(30) NOT NULL,
  `PPAP_Number` varchar(12) DEFAULT NULL,
  `IMDS` varchar(15) CHARACTER SET utf8mb4 COLLATE utf8mb4_0900_ai_ci DEFAULT NULL,
  `PPAP_Request_Date` date DEFAULT NULL,
  `PPAP_Received_Date` date DEFAULT NULL,
  `PPAP_Sent_Customer` date DEFAULT NULL,
  `PPAP_Signed_Date` date DEFAULT NULL,
  `PPAP_ET` varchar(1) DEFAULT NULL,
  `IMDS_ET` varchar(1) CHARACTER SET utf8mb4 COLLATE utf8mb4_0900_ai_ci DEFAULT NULL,
  `OEM` tinytext CHARACTER SET utf8mb4 COLLATE utf8mb4_0900_ai_ci,
  `PPAP_Level` varchar(1) CHARACTER SET utf8mb4 COLLATE utf8mb4_0900_ai_ci DEFAULT NULL,
  `PPAP_From_Shipments` varchar(1) CHARACTER SET utf8mb4 COLLATE utf8mb4_0900_ai_ci DEFAULT NULL,
  `Current_Status` tinytext CHARACTER SET utf8mb4 COLLATE utf8mb4_0900_ai_ci,
  `Rev` varchar(5) CHARACTER SET utf8mb4 COLLATE utf8mb4_0900_ai_ci DEFAULT NULL,
  `PPAP_Docs` date DEFAULT NULL,
  `Samples_Status` varchar(20) CHARACTER SET utf8mb4 COLLATE utf8mb4_0900_ai_ci DEFAULT NULL,
  `Reason_Submission` varchar(20) CHARACTER SET utf8mb4 COLLATE utf8mb4_0900_ai_ci DEFAULT NULL,
  `Inspection_Rep_Number` varchar(10) CHARACTER SET utf8mb4 COLLATE utf8mb4_0900_ai_ci DEFAULT NULL,
  `Comments` tinytext CHARACTER SET utf8mb4 COLLATE utf8mb4_0900_ai_ci,
  PRIMARY KEY (`PPAP_ID`),
  KEY `FK1_Customer_PN-PPAP` (`FK_Customer_PN`),
  CONSTRAINT `FK1_Customer_PN-PPAP` FOREIGN KEY (`FK_Customer_PN`) REFERENCES `customer_pn` (`Customer_PN`)
) ENGINE=InnoDB AUTO_INCREMENT=143 DEFAULT CHARSET=utf8mb4 COLLATE=utf8mb4_0900_ai_ci;

-- Dumping data for table eurotechdb.ppap: ~142 rows (approximately)
INSERT INTO `ppap` (`PPAP_ID`, `FK_Customer_PN`, `PPAP_Number`, `IMDS`, `PPAP_Request_Date`, `PPAP_Received_Date`, `PPAP_Sent_Customer`, `PPAP_Signed_Date`, `PPAP_ET`, `IMDS_ET`, `OEM`, `PPAP_Level`, `PPAP_From_Shipments`, `Current_Status`, `Rev`, `PPAP_Docs`, `Samples_Status`, `Reason_Submission`, `Inspection_Rep_Number`, `Comments`) VALUES
	(1, '12345', NULL, '098', '2025-09-26', '2025-09-26', '2025-09-27', NULL, NULL, NULL, NULL, NULL, NULL, NULL, NULL, NULL, NULL, NULL, NULL, NULL),
	(2, '12345', NULL, NULL, '2025-10-08', '2025-10-09', '2025-11-02', NULL, NULL, NULL, NULL, NULL, NULL, NULL, NULL, NULL, NULL, NULL, NULL, NULL),
	(3, '12345', NULL, NULL, '2025-10-14', NULL, NULL, NULL, '1', '1', NULL, NULL, NULL, NULL, NULL, NULL, NULL, NULL, NULL, NULL),
	(4, '163497', NULL, NULL, '2024-12-10', '2025-09-25', NULL, NULL, NULL, NULL, NULL, NULL, NULL, NULL, NULL, NULL, NULL, NULL, NULL, NULL),
	(5, '67845381', NULL, NULL, '2025-06-24', NULL, NULL, NULL, NULL, NULL, NULL, NULL, NULL, NULL, NULL, NULL, NULL, NULL, NULL, NULL),
	(6, '67845382', NULL, NULL, '2025-01-10', NULL, NULL, '2025-01-16', NULL, NULL, NULL, NULL, NULL, NULL, NULL, NULL, NULL, NULL, NULL, NULL),
	(7, '012538', 'PP00015-0001', NULL, '2005-07-13', NULL, '2022-03-17', NULL, NULL, NULL, NULL, '1', NULL, 'PSW Pending Approve', NULL, NULL, NULL, 'Initial Submission', NULL, NULL),
	(8, '012538', 'PP00015-0001', NULL, '2005-07-14', NULL, '2022-03-17', '2022-08-03', NULL, NULL, NULL, '1', NULL, 'Approved 2022', NULL, NULL, NULL, 'Initial Submission', NULL, NULL),
	(9, 'E33300300', 'PP00016-0001', NULL, '2005-07-14', NULL, '2022-05-12', '2022-06-08', NULL, NULL, NULL, '2', NULL, 'Approved 2022', NULL, NULL, NULL, 'Initial Submission', NULL, NULL),
	(10, 'E33301100', 'PP00016-0002', NULL, '2005-07-14', NULL, '2022-05-12', '2022-06-01', NULL, NULL, NULL, '2', NULL, 'Approved 2022', NULL, NULL, NULL, 'Initial Submission', NULL, NULL),
	(11, '69321134', 'PP00026-0001', '1188884297 / 3', '2025-07-14', NULL, '2025-08-11', '2025-08-12', NULL, NULL, NULL, '1', NULL, 'Approved 2025', '73', '2024-07-08', 'n/a', 'Annual Validation', '#N/A', NULL),
	(12, '69321134', 'PP00026-0001', '1188884584 / 2', '2024-06-18', NULL, '2024-08-12', '2024-08-23', NULL, NULL, NULL, '1', NULL, 'Approved 2024', '62', '2024-07-08', 'n/a', 'Annual Validation', '#N/A', NULL),
	(13, '57225', 'PP00045-0003', '1313989235 / 2', '2025-07-16', NULL, '2025-08-13', NULL, NULL, NULL, NULL, '4', NULL, 'PSW Pending Approve', '34', '2024-03-22', 'requested', 'Initial Submission', NULL, NULL),
	(14, 'E55046100', 'PP00024-0027', NULL, '2025-08-28', NULL, NULL, NULL, NULL, NULL, NULL, '3', NULL, 'PPAP requested to ETC', NULL, NULL, 'requested', 'Initial Submission', '#N/A', NULL),
	(15, 'ZRM-982381-20', 'PP00025-0001', '1285136462 / 1', '2025-03-06', NULL, '2025-04-01', NULL, NULL, NULL, NULL, '1', NULL, 'PSW Pending Approve', '39', NULL, 'requested', 'Annual Validation', '#N/A', NULL),
	(16, 'ZRM-982381-20', 'PP00025-0001', '1285136462', '2023-09-28', NULL, '2023-11-22', '2023-12-14', NULL, NULL, NULL, '1', NULL, 'Approved 2023', '39', NULL, NULL, 'Annual Validation', '#N/A', NULL),
	(17, 'E39339000', 'PP00024-0003', NULL, '2023-01-13', NULL, '2023-01-13', '2023-01-25', NULL, NULL, NULL, '2', NULL, 'Approved 2023', NULL, NULL, NULL, 'Initial Submission', '#N/A', NULL),
	(18, 'E39339000', 'PP00024-0003', '1187233533', '2024-01-25', NULL, '2024-02-16', NULL, NULL, NULL, NULL, '1', NULL, 'PSW Pending Approve', '57', NULL, 'n/a', 'Annual Validation', '#N/A', NULL),
	(19, 'E38848500', 'PP00024-0004', '1230873815', '2023-05-03', NULL, '2023-06-14', NULL, NULL, NULL, NULL, '2', NULL, 'PSW Pending Approve', NULL, NULL, NULL, 'Initial Submission', NULL, NULL),
	(20, 'E38925400', 'PP00024-0005', '1230874098', '2023-05-03', NULL, '2023-06-14', NULL, NULL, NULL, NULL, '2', NULL, 'PSW Pending Approve', NULL, NULL, NULL, 'Initial Submission', NULL, NULL),
	(21, '69321134', 'PP00026-0001', '1188884297/2', '2022-11-21', NULL, '2023-01-17', '2023-02-27', NULL, NULL, NULL, '2', NULL, 'Approved 2023', NULL, NULL, NULL, 'Initial Submission', NULL, NULL),
	(22, '7094175930', 'PP00061-0011', '1429983779 / 1', '2025-05-16', NULL, '2025-07-16', NULL, NULL, NULL, NULL, '4', '*', 'PPAP ready to be sent to customer', '71', NULL, 'n/a', 'Initial Submission', NULL, NULL),
	(23, '7094177130 Document ID 2757177', 'PP00061-0012', '1425408416 / 1', '2025-06-13', NULL, '2025-06-17', '2025-07-02', NULL, NULL, NULL, '4', NULL, 'Approved 2025', '20', '2024-06-06', 'requested', 'Initial Submission', '#N/A', NULL),
	(24, '7094176230 Document ID 2552486', 'PP00062-0001', '1349615142 / 1', '2024-07-20', NULL, '2024-10-09', NULL, NULL, NULL, NULL, '4', NULL, 'PSW Pending Approve', '63', '2024-08-15', 'requested', 'Initial Submission', '#N/A', NULL),
	(25, '7094176430 Document ID 2553139', 'PP00062-0002', '1349615309 / 1', '2024-07-20', NULL, '2024-10-09', NULL, NULL, NULL, NULL, '4', NULL, 'PSW Pending Approve', '63', '2024-07-19', 'requested', 'Initial Submission', '#N/A', NULL),
	(26, '99932947', 'PP00067-0012', '1394585216 / 1', '2025-01-17', NULL, '2025-02-19', NULL, NULL, NULL, NULL, '4', NULL, 'PSW Pending Approve', '5', NULL, 'requested', 'Initial Submission', '#N/A', NULL),
	(27, '99932941', 'PP00067-0013', '1388020665 / 1', '2025-01-17', NULL, '2025-01-28', '2025-04-03', NULL, NULL, NULL, '4', NULL, 'Approved 2025', '30', NULL, 'requested', 'Initial Submission', '#N/A', NULL),
	(28, '99932951', 'PP00067-0014', '1388371797 / 1', '2025-01-17', NULL, '2025-01-28', NULL, NULL, NULL, NULL, '4', NULL, 'PSW Pending Approve', '30', '2025-01-23', 'requested', 'Initial Submission', '#N/A', NULL),
	(29, '99932943', 'PP00067-0015', '1388373582 / 1', '2025-01-17', NULL, '2025-01-28', '2025-04-03', NULL, NULL, NULL, '4', NULL, 'Approved 2025', '30', NULL, 'requested', 'Initial Submission', '#N/A', NULL),
	(30, '99932942', 'PP00067-0016', '1388376764 / 1', '2025-01-17', NULL, '2025-01-28', '2025-04-03', NULL, NULL, NULL, '4', NULL, 'Approved 2025', '30', NULL, 'requested', 'Initial Submission', '#N/A', NULL),
	(31, 'GAT125', 'PP00012-0001', '1076153443 / 2', '2023-09-21', NULL, '2023-11-21', NULL, NULL, NULL, NULL, '4', NULL, 'PSW Pending Approve', '34', NULL, NULL, 'Annual Validation', '#N/A', NULL),
	(32, 'GAT125', 'PP00012-0001', '1076153443 / 2', '2024-09-06', NULL, '2024-10-03', NULL, NULL, NULL, NULL, '2', NULL, 'PSW Pending Approve', '45', '2024-09-09', 'n/a', 'Annual Validation', '#N/A', NULL),
	(33, 'GAT101', 'PP00012-0002', NULL, '2005-07-12', NULL, '2021-11-29', NULL, NULL, NULL, NULL, '2', NULL, 'PSW Pending Approve', NULL, NULL, NULL, 'Initial Submission', NULL, NULL),
	(34, 'GAT101', 'PP00012-0002', NULL, '2005-07-14', NULL, '2021-11-29', NULL, NULL, NULL, NULL, '2', NULL, 'PSW Pending Approve', NULL, NULL, NULL, 'Initial Submission', NULL, NULL),
	(35, 'GAT023', 'PP00012-0003', NULL, '2005-07-13', NULL, '2021-11-29', NULL, NULL, NULL, NULL, '2', NULL, 'PSW Pending Approve', NULL, NULL, NULL, 'Initial Submission', NULL, NULL),
	(36, 'GAT023', 'PP00012-0003', NULL, '2005-07-14', NULL, '2021-11-29', NULL, NULL, NULL, NULL, '2', NULL, 'PSW Pending Approve', NULL, NULL, NULL, 'Initial Submission', NULL, NULL),
	(37, 'GAT023', 'PP00012-0003', '1076160554/2', '2023-04-19', NULL, '2023-05-23', NULL, NULL, NULL, NULL, '2', NULL, 'PSW Pending Approve', NULL, NULL, NULL, 'Annual Validation', NULL, NULL),
	(38, 'GAT023', 'PP00012-0003', '1076160554 / 2', '2024-10-11', NULL, '2024-11-12', NULL, NULL, NULL, NULL, '4', NULL, 'PSW Pending Approve', '45', NULL, 'n/a', 'Annual Validation', '#N/A', NULL),
	(39, 'GAT132', 'PP00012-0004', NULL, '2025-08-04', NULL, NULL, NULL, NULL, NULL, NULL, '4', '*', 'PSW requested to UPM', NULL, NULL, 'requested', 'Initial Submission', NULL, NULL),
	(40, 'GAT130', 'PP00012-0005', NULL, '2025-08-04', NULL, NULL, NULL, NULL, NULL, NULL, '4', '*', 'PPAP received, pending to review files', NULL, NULL, 'requested', 'Initial Submission', NULL, 'Requested by customer'),
	(41, 'HST555P78', 'PP00014-0001', NULL, '2005-07-14', NULL, '2022-07-29', '2022-08-22', NULL, NULL, NULL, '2', NULL, 'Approved 2022', NULL, NULL, NULL, 'Initial Submission', NULL, NULL),
	(42, 'E34284700', 'PP00016-0003', NULL, '2005-07-14', NULL, '2022-05-12', '2022-05-19', NULL, NULL, NULL, '2', NULL, 'Approved 2022', NULL, NULL, NULL, 'Initial Submission', NULL, NULL),
	(43, 'E26424100', 'PP00017-0001', NULL, '2005-07-14', NULL, '2022-05-12', NULL, NULL, NULL, NULL, '2', NULL, 'PSW Pending Approve', NULL, NULL, NULL, 'Annual Validation', NULL, NULL),
	(44, 'E26459700', 'PP00017-0002', NULL, '2005-07-14', NULL, '2022-07-04', '2022-07-06', NULL, NULL, NULL, '2', NULL, 'Approved 2022', NULL, NULL, NULL, 'Annual Validation', NULL, NULL),
	(45, '95849363', 'PP00019-0002', '1432978980 / 1', '2025-06-30', NULL, '2025-07-18', '2025-07-22', NULL, NULL, NULL, '4', '*', 'Approved 2025', NULL, NULL, 'n/a', 'Initial Submission', '#N/A', NULL),
	(46, '95850698', 'PP00019-0003', NULL, '2025-06-30', NULL, '2025-07-18', '2025-07-22', NULL, NULL, NULL, '4', '*', 'Approved 2025', NULL, NULL, 'n/a', 'Initial Submission', '#N/A', NULL),
	(47, '95890015', 'PP00019-0004', NULL, '2025-06-30', NULL, '2025-07-18', '2025-07-22', NULL, NULL, NULL, '4', '*', 'Approved 2025', NULL, NULL, 'n/a', 'Initial Submission', '#N/A', NULL),
	(48, 'E36091300', 'PP00024-0001', NULL, '2005-07-14', NULL, '2022-12-01', '2022-12-20', NULL, NULL, NULL, '2', NULL, 'Approved 2022', NULL, NULL, NULL, 'Initial Submission', NULL, NULL),
	(49, 'E36091300', 'PP00024-0001', NULL, '2022-12-01', NULL, '2022-12-01', '2022-12-20', NULL, NULL, NULL, '2', NULL, 'Approved 2022', NULL, NULL, NULL, 'Initial Submission', NULL, NULL),
	(50, 'E36091300', 'PP00024-0001', '1173706697', '2023-12-20', NULL, '2024-01-30', NULL, NULL, NULL, NULL, '1', NULL, 'PSW Pending Approve', '14', NULL, 'n/a', 'Annual Validation', '#N/A', NULL),
	(51, 'E37679000', 'PP00024-0002', NULL, '2023-01-13', NULL, '2023-01-13', '2023-01-17', NULL, NULL, NULL, '2', NULL, 'Approved 2023', NULL, NULL, NULL, 'Initial Submission', '#N/A', NULL),
	(52, 'E37679000', 'PP00024-0002', '1177309185', '2024-01-17', NULL, '2024-03-12', NULL, NULL, NULL, NULL, '1', NULL, 'PSW Pending Approve', '12', NULL, 'n/a', 'Annual Validation', '#N/A', NULL),
	(53, 'E38846500', 'PP00024-0009', '1201418073', '2023-05-03', NULL, '2023-05-24', NULL, NULL, NULL, NULL, '2', NULL, 'PSW Pending Approve', NULL, NULL, NULL, 'Initial Submission', '#N/A', NULL),
	(54, 'E38846500', 'PP00024-0009', '1201418073 / 1', '2025-06-10', NULL, '2025-06-27', NULL, NULL, NULL, NULL, '3', NULL, 'PSW Pending Approve', '70', NULL, 'n/a', 'Annual Validation', '#N/A', NULL),
	(55, 'E38925800', 'PP00024-0010', '1214709577', '2023-05-03', NULL, '2023-05-23', NULL, NULL, NULL, NULL, '2', NULL, 'PSW Pending Approve', NULL, NULL, NULL, 'Initial Submission', '#N/A', NULL),
	(56, 'E38925800', 'PP00024-0010', '1214709577 / 1', '2025-06-10', NULL, '2025-06-27', NULL, NULL, NULL, NULL, '3', NULL, 'PSW Pending Approve', '70', NULL, 'n/a', 'Annual Validation', '#N/A', NULL),
	(57, '10164237-001', NULL, NULL, NULL, NULL, '2023-08-24', '2023-10-03', NULL, NULL, 'Fluence', '2', NULL, NULL, NULL, NULL, NULL, NULL, NULL, NULL),
	(58, '10164237-001', NULL, NULL, '2024-08-23', '2024-06-24', '2024-08-06', NULL, NULL, NULL, 'Fluence', '2', NULL, NULL, NULL, NULL, NULL, NULL, NULL, NULL),
	(59, '10164237-001', NULL, NULL, '2025-08-23', '2025-06-24', NULL, NULL, NULL, NULL, 'Fluence', '2', NULL, NULL, NULL, NULL, NULL, NULL, NULL, NULL),
	(60, '10173694-001', NULL, NULL, NULL, NULL, '2024-01-11', '2024-01-11', NULL, NULL, 'Rivian', '2', NULL, NULL, NULL, NULL, NULL, NULL, NULL, NULL),
	(61, '10173694-001', NULL, NULL, NULL, NULL, '2024-10-10', NULL, NULL, NULL, 'Rivian', '2', NULL, NULL, NULL, NULL, NULL, NULL, NULL, NULL),
	(62, '10173694-001', NULL, NULL, '2025-01-10', '2024-11-11', '2025-01-06', NULL, NULL, NULL, 'Rivian', '2', NULL, NULL, NULL, NULL, NULL, NULL, NULL, NULL),
	(63, '10173843-001', NULL, NULL, '2024-01-08', '2024-01-22', NULL, NULL, NULL, NULL, 'Rivian', '2', NULL, NULL, NULL, NULL, NULL, NULL, NULL, NULL),
	(64, '10173843-001', NULL, NULL, '2025-01-07', '2024-11-08', '2025-01-06', NULL, NULL, NULL, 'Rivian', '2', NULL, NULL, NULL, NULL, NULL, NULL, NULL, NULL),
	(65, '49997', NULL, NULL, NULL, NULL, '2021-11-22', '2022-02-01', NULL, NULL, 'GM', '2', NULL, NULL, NULL, NULL, NULL, NULL, NULL, NULL),
	(66, '49997', NULL, NULL, '2024-02-01', '2023-12-03', '2024-03-11', NULL, NULL, NULL, 'GM', '2', NULL, NULL, NULL, NULL, NULL, NULL, NULL, NULL),
	(67, '49997', NULL, NULL, '2025-03-11', '2025-01-10', '2025-01-06', '2025-03-26', NULL, NULL, 'GM', '2', NULL, NULL, NULL, NULL, NULL, NULL, NULL, NULL),
	(68, '48254', NULL, NULL, NULL, NULL, '2021-03-25', NULL, NULL, NULL, 'GM', '2', NULL, NULL, NULL, NULL, NULL, NULL, NULL, NULL),
	(69, '48254', NULL, NULL, '2024-02-23', '2023-12-25', '2024-03-12', NULL, NULL, NULL, 'GM', '2', NULL, NULL, NULL, NULL, NULL, NULL, NULL, NULL),
	(70, '48254', NULL, NULL, '2025-03-12', '2025-01-11', '2025-01-17', '2025-02-18', NULL, NULL, 'GM', '2', NULL, NULL, NULL, NULL, NULL, NULL, NULL, NULL),
	(71, '122GO-002704-01', NULL, NULL, NULL, NULL, '2025-08-05', '2025-08-07', NULL, NULL, NULL, NULL, NULL, NULL, NULL, NULL, NULL, NULL, NULL, NULL),
	(72, '122G0-001488-01', NULL, NULL, NULL, NULL, NULL, NULL, NULL, NULL, NULL, NULL, NULL, NULL, NULL, NULL, NULL, NULL, NULL, NULL),
	(73, '122G0-001639-01', NULL, NULL, NULL, NULL, NULL, NULL, NULL, NULL, NULL, NULL, NULL, NULL, NULL, NULL, NULL, NULL, NULL, NULL),
	(74, '198217', NULL, NULL, NULL, NULL, '2025-05-23', NULL, NULL, NULL, 'Stelliantis', '4', NULL, NULL, NULL, NULL, NULL, NULL, NULL, NULL),
	(75, '71076600', NULL, NULL, NULL, NULL, '2021-06-23', NULL, NULL, NULL, 'Ford', '2', NULL, NULL, NULL, NULL, NULL, NULL, NULL, 'no aparece en netsuite'),
	(76, '71076600', NULL, NULL, '2024-05-12', '2024-03-13', '2024-08-05', NULL, NULL, NULL, 'Ford', '2', NULL, NULL, NULL, NULL, NULL, NULL, NULL, 'no aparece en netsuite'),
	(77, '71076600', NULL, NULL, '2025-03-13', '2025-01-12', '2025-01-24', NULL, NULL, NULL, 'Ford', '2', NULL, NULL, NULL, NULL, NULL, NULL, NULL, 'no aparece en netsuite'),
	(78, '707597-19-00', NULL, NULL, NULL, NULL, '2019-08-15', '2019-08-15', NULL, NULL, 'Ford', '4', NULL, NULL, NULL, NULL, NULL, NULL, NULL, 'no aparece en netsuite'),
	(79, '707597-19-00', NULL, NULL, '2024-08-22', '2024-06-23', '2024-07-25', NULL, NULL, NULL, 'Ford', '4', NULL, NULL, NULL, NULL, NULL, NULL, NULL, 'no aparece en netsuite'),
	(80, '707597-19-00', NULL, NULL, '2025-06-23', '2025-04-24', '2025-05-14', '2025-07-15', NULL, NULL, 'Ford', '4', NULL, NULL, NULL, NULL, NULL, NULL, NULL, 'no aparece en netsuite'),
	(81, '837X-19-BK', NULL, NULL, NULL, NULL, '2023-04-04', NULL, NULL, NULL, 'Stelliantis', '4', NULL, NULL, NULL, NULL, NULL, NULL, NULL, 'no aparece en netsuite'),
	(82, '837X-19-BK', NULL, NULL, '2024-04-03', '2024-02-03', '2024-05-23', NULL, NULL, NULL, 'Stelliantis', '4', NULL, NULL, NULL, NULL, NULL, NULL, NULL, 'no aparece en netsuite'),
	(83, '837X-19-BK', NULL, NULL, '2025-04-03', '2025-02-02', '2025-02-21', '2025-03-14', NULL, NULL, 'Stelliantis', '4', NULL, NULL, NULL, NULL, NULL, NULL, NULL, 'no aparece en netsuite'),
	(84, '648145 19 99', NULL, NULL, NULL, NULL, '2019-11-05', '2019-12-02', NULL, NULL, 'Stelliantis', '4', NULL, NULL, NULL, NULL, NULL, NULL, NULL, 'no aparece en netsuite'),
	(85, '648145 19 99', NULL, NULL, '2024-04-05', '2024-02-05', '2024-01-16', '2024-01-29', NULL, NULL, 'Stelliantis', '4', NULL, NULL, NULL, NULL, NULL, NULL, NULL, 'no aparece en netsuite'),
	(86, '648145 19 99', NULL, NULL, '2025-01-15', '2024-11-16', '2025-02-04', '2025-02-10', NULL, NULL, 'Stelliantis', '4', NULL, NULL, NULL, NULL, NULL, NULL, NULL, 'no aparece en netsuite'),
	(87, '138950', NULL, NULL, NULL, NULL, '2024-11-25', NULL, NULL, NULL, NULL, '2', NULL, NULL, NULL, NULL, NULL, NULL, NULL, NULL),
	(88, '149607', NULL, NULL, NULL, NULL, '2025-05-19', NULL, NULL, NULL, 'ZOOX, HaeÂ¿rbinger, John Deere, Caterpillar', '4', NULL, NULL, NULL, NULL, NULL, NULL, NULL, NULL),
	(89, '130851', NULL, NULL, NULL, NULL, '2024-11-27', NULL, NULL, NULL, NULL, '2', NULL, NULL, NULL, NULL, NULL, NULL, NULL, NULL),
	(90, '131646', NULL, NULL, NULL, NULL, '2024-11-25', NULL, NULL, NULL, NULL, '2', NULL, NULL, NULL, NULL, NULL, NULL, NULL, NULL),
	(91, '131646', NULL, NULL, NULL, NULL, '2025-01-28', NULL, NULL, NULL, NULL, '2', NULL, NULL, NULL, NULL, NULL, NULL, NULL, NULL),
	(92, '149607', NULL, NULL, NULL, NULL, '2025-05-19', NULL, NULL, NULL, NULL, '4', '*', NULL, NULL, NULL, NULL, NULL, NULL, NULL),
	(93, '146820', NULL, NULL, NULL, NULL, '2025-07-24', '2025-07-30', NULL, NULL, NULL, '4', '*', NULL, NULL, NULL, NULL, NULL, NULL, NULL),
	(94, '40021779', NULL, NULL, NULL, NULL, '2019-08-20', '2019-09-09', NULL, NULL, 'Ford', '4', NULL, NULL, NULL, NULL, NULL, NULL, NULL, NULL),
	(95, '40021779', NULL, NULL, '2024-07-19', '2024-05-20', '2024-08-05', NULL, NULL, NULL, 'Ford', '4', NULL, NULL, NULL, NULL, NULL, NULL, NULL, NULL),
	(96, '40021779', NULL, NULL, '2025-08-05', '2025-06-06', '2025-02-21', '2025-03-05', NULL, NULL, 'Ford', '4', NULL, NULL, NULL, NULL, NULL, NULL, NULL, NULL),
	(97, '40021778', NULL, NULL, NULL, NULL, '2018-10-01', '2018-11-26', NULL, NULL, 'Ford', '2', NULL, NULL, NULL, NULL, NULL, NULL, NULL, NULL),
	(98, '40021778', NULL, NULL, '2024-07-19', '2024-05-20', '2024-07-12', '2024-08-20', NULL, NULL, 'Ford', '2', NULL, NULL, NULL, NULL, NULL, NULL, NULL, NULL),
	(99, '40021778', NULL, NULL, '2025-07-12', '2025-05-13', '2025-02-21', NULL, NULL, NULL, 'Ford', '2', NULL, NULL, NULL, NULL, NULL, NULL, NULL, NULL),
	(100, '40021804', NULL, NULL, NULL, NULL, '2019-11-06', '2019-12-06', NULL, NULL, 'Ford', '2', NULL, NULL, NULL, NULL, NULL, NULL, NULL, NULL),
	(101, '40021804', NULL, NULL, '2024-07-19', '2024-05-20', '2024-07-12', '2024-08-20', NULL, NULL, 'Ford', '2', NULL, NULL, NULL, NULL, NULL, NULL, NULL, NULL),
	(102, '40021804', NULL, NULL, '2025-07-12', '2025-05-13', '2025-02-21', NULL, NULL, NULL, 'Ford', '2', NULL, NULL, NULL, NULL, NULL, NULL, NULL, NULL),
	(103, '40002433', NULL, NULL, NULL, NULL, '2022-09-26', NULL, NULL, NULL, 'Stelliantis', '2', NULL, NULL, NULL, NULL, NULL, NULL, NULL, NULL),
	(104, '40002433', NULL, NULL, '2024-09-25', '2024-07-27', '2024-09-10', '2024-09-13', NULL, NULL, 'Stelliantis', '2', NULL, NULL, NULL, NULL, NULL, NULL, NULL, NULL),
	(105, '40002433', NULL, NULL, '2025-09-10', '2025-07-12', '2025-05-19', NULL, NULL, NULL, 'Stelliantis', '2', NULL, NULL, NULL, NULL, NULL, NULL, NULL, NULL),
	(106, '40021815', NULL, NULL, NULL, NULL, '2020-03-02', NULL, NULL, NULL, 'Ford', '2', NULL, NULL, NULL, NULL, NULL, NULL, NULL, NULL),
	(107, '40021815', NULL, NULL, '2024-01-10', '2023-11-11', '2024-03-11', NULL, NULL, NULL, 'Ford', '2', NULL, NULL, NULL, NULL, NULL, NULL, NULL, NULL),
	(108, '40021815', NULL, NULL, '2025-03-11', '2025-01-10', '2025-01-16', '2025-01-30', NULL, NULL, 'Ford', '2', NULL, NULL, NULL, NULL, NULL, NULL, NULL, NULL),
	(109, '40021743', NULL, NULL, NULL, NULL, '2019-08-20', '2019-09-09', NULL, NULL, 'F/S', '4', NULL, NULL, NULL, NULL, NULL, NULL, NULL, NULL),
	(110, '40021743', NULL, NULL, '2024-10-27', '2024-08-28', '2024-02-05', NULL, NULL, NULL, 'F/S', '4', NULL, NULL, NULL, NULL, NULL, NULL, NULL, NULL),
	(111, '40021743', NULL, NULL, '2025-02-04', '2024-12-06', '2025-02-24', '2025-03-05', NULL, NULL, 'F/S', '4', NULL, NULL, NULL, NULL, NULL, NULL, NULL, NULL),
	(112, '40021860', NULL, NULL, NULL, NULL, '2023-02-06', '2023-05-05', NULL, NULL, 'F/S', '4', NULL, NULL, NULL, NULL, NULL, NULL, NULL, NULL),
	(113, '40021860', NULL, NULL, '2024-02-06', '2023-12-08', '2024-03-11', NULL, NULL, NULL, 'F/S', '4', NULL, NULL, NULL, NULL, NULL, NULL, NULL, NULL),
	(114, '40021860', NULL, NULL, '2025-03-11', '2025-01-10', '2025-01-06', NULL, NULL, NULL, 'F/S', '4', NULL, NULL, NULL, NULL, NULL, NULL, NULL, NULL),
	(115, '40021861', NULL, NULL, NULL, NULL, '2023-01-24', '2023-02-20', NULL, NULL, 'Ford', '4', NULL, NULL, NULL, NULL, NULL, NULL, NULL, NULL),
	(116, '40021861', NULL, NULL, '2024-01-24', '2023-11-25', '2024-04-24', '2024-05-02', NULL, NULL, 'Ford', '4', NULL, NULL, NULL, NULL, NULL, NULL, NULL, NULL),
	(117, '40021861', NULL, NULL, '2025-04-24', '2025-02-23', '2025-03-12', NULL, NULL, NULL, 'Ford', '4', NULL, NULL, NULL, NULL, NULL, NULL, NULL, NULL),
	(118, '40194876', NULL, NULL, NULL, NULL, '2023-04-18', '2023-04-19', NULL, NULL, 'Stelliantis', '4', NULL, NULL, NULL, NULL, NULL, NULL, NULL, NULL),
	(119, '40194876', NULL, NULL, '2024-04-17', '2024-02-17', '2024-07-24', NULL, NULL, NULL, 'Stelliantis', '4', NULL, NULL, NULL, NULL, NULL, NULL, NULL, NULL),
	(120, '40194876', NULL, NULL, '2025-07-24', '2025-05-25', '2025-03-17', NULL, NULL, NULL, 'Stelliantis', '4', NULL, NULL, NULL, NULL, NULL, NULL, NULL, NULL),
	(121, '40002226', NULL, NULL, NULL, NULL, NULL, NULL, NULL, NULL, NULL, '4', NULL, NULL, NULL, NULL, NULL, NULL, NULL, NULL),
	(122, '40002226', NULL, NULL, NULL, NULL, '2024-02-16', '2024-02-27', NULL, NULL, NULL, '4', NULL, NULL, NULL, NULL, NULL, NULL, NULL, NULL),
	(123, '40002226', NULL, NULL, '2025-02-15', '2024-12-17', NULL, NULL, NULL, NULL, NULL, '4', NULL, NULL, NULL, NULL, NULL, NULL, NULL, NULL),
	(124, '40002498', NULL, NULL, NULL, NULL, '2023-05-17', '2023-05-23', NULL, NULL, 'Stelliantis', '2', NULL, NULL, NULL, NULL, NULL, NULL, NULL, NULL),
	(125, '40002498', NULL, NULL, '2024-05-16', '2024-03-17', '2024-07-25', '2024-08-20', NULL, NULL, 'Stelliantis', '2', NULL, NULL, NULL, NULL, NULL, NULL, NULL, NULL),
	(126, '40002498', NULL, NULL, '2025-07-25', '2025-05-26', '2025-03-27', NULL, NULL, NULL, 'Stelliantis', '2', NULL, NULL, NULL, NULL, NULL, NULL, NULL, NULL),
	(127, '40002497', NULL, NULL, NULL, NULL, '2023-05-01', '2023-05-22', NULL, NULL, 'Stelliantis', '2', NULL, NULL, NULL, NULL, NULL, NULL, NULL, NULL),
	(128, '40002497', NULL, NULL, '2024-04-30', '2024-03-01', '2024-07-24', '2024-08-20', NULL, NULL, 'Stelliantis', '2', NULL, NULL, NULL, NULL, NULL, NULL, NULL, NULL),
	(129, '40002497', NULL, NULL, '2025-04-30', '2025-03-01', '2025-03-17', NULL, NULL, NULL, 'Stelliantis', '2', NULL, NULL, NULL, NULL, NULL, NULL, NULL, NULL),
	(130, '40194891', NULL, NULL, NULL, NULL, '2023-05-05', '2023-05-25', NULL, NULL, 'Stelliantis', '4', NULL, NULL, NULL, NULL, NULL, NULL, NULL, NULL),
	(131, '40194891', NULL, NULL, '2024-05-04', '2024-03-05', NULL, NULL, NULL, NULL, 'Stelliantis', '4', NULL, NULL, NULL, NULL, NULL, NULL, NULL, NULL),
	(132, '40194891', NULL, NULL, '2025-05-04', '2025-03-05', '2025-03-17', NULL, NULL, NULL, 'Stelliantis', '4', NULL, NULL, NULL, NULL, NULL, NULL, NULL, NULL),
	(133, '40193540', NULL, NULL, NULL, NULL, '2023-10-24', NULL, NULL, NULL, 'Stelliantis', '4', NULL, NULL, NULL, NULL, NULL, NULL, NULL, NULL),
	(134, '40193540', NULL, NULL, '2024-10-23', '2024-08-24', NULL, NULL, NULL, NULL, 'Stelliantis', '4', NULL, NULL, NULL, NULL, NULL, NULL, NULL, NULL),
	(135, '40193540', NULL, NULL, '2025-10-23', '2025-08-24', NULL, NULL, NULL, NULL, 'Stelliantis', '4', NULL, NULL, NULL, NULL, NULL, NULL, NULL, NULL),
	(136, '40021787', NULL, NULL, NULL, NULL, NULL, '2023-09-13', NULL, NULL, 'Ford', '2', NULL, NULL, NULL, NULL, NULL, NULL, NULL, NULL),
	(137, '40021787', NULL, NULL, '2024-09-12', '2024-07-14', '2024-08-06', NULL, NULL, NULL, 'Ford', '2', NULL, NULL, NULL, NULL, NULL, NULL, NULL, NULL),
	(138, '40021787', NULL, NULL, '2025-08-06', '2025-06-07', NULL, NULL, NULL, NULL, 'Ford', '2', NULL, NULL, NULL, NULL, NULL, NULL, NULL, NULL),
	(139, '40021714', NULL, NULL, NULL, NULL, '2024-02-05', NULL, NULL, NULL, 'Stelliantis', '4', NULL, NULL, NULL, NULL, NULL, NULL, NULL, NULL),
	(140, '40021714', NULL, NULL, '2025-02-04', '2024-12-06', '2025-01-06', '2025-01-30', NULL, NULL, 'Stelliantis', '4', NULL, NULL, NULL, NULL, NULL, NULL, NULL, NULL),
	(141, '40021836', NULL, NULL, NULL, NULL, '2024-09-16', '2024-09-19', NULL, NULL, 'Ford', '4', NULL, NULL, NULL, NULL, NULL, NULL, NULL, NULL),
	(142, '40021836', NULL, NULL, '2025-09-16', '2025-07-18', NULL, NULL, NULL, NULL, 'Ford', '4', NULL, NULL, NULL, NULL, NULL, NULL, NULL, NULL);

-- Dumping structure for table eurotechdb.products
CREATE TABLE IF NOT EXISTS `products` (
  `Eurotech_PN` varchar(12) NOT NULL,
  `Description` tinytext NOT NULL,
  `Supplier` varchar(10) CHARACTER SET utf8mb4 COLLATE utf8mb4_0900_ai_ci DEFAULT NULL,
  `Supplier_PN` varchar(6) DEFAULT NULL,
  `Tape` varchar(25) DEFAULT NULL,
  `Width` varchar(8) DEFAULT NULL,
  `Length` varchar(8) DEFAULT NULL,
  `Color` varchar(8) DEFAULT NULL,
  `ET_Model` varchar(10) DEFAULT NULL,
  `ET_Dwg` varchar(8) CHARACTER SET utf8mb4 COLLATE utf8mb4_0900_ai_ci DEFAULT NULL,
  `Product` varchar(7) NOT NULL,
  PRIMARY KEY (`Eurotech_PN`),
  UNIQUE KEY `Supplier_PN` (`Supplier_PN`),
  KEY `FK1_Vendors-Products` (`Supplier`),
  CONSTRAINT `FK1_Vendors-Products` FOREIGN KEY (`Supplier`) REFERENCES `vendors` (`Vendor_ID`)
) ENGINE=InnoDB DEFAULT CHARSET=utf8mb4 COLLATE=utf8mb4_0900_ai_ci;

-- Dumping data for table eurotechdb.products: ~119 rows (approximately)
INSERT INTO `products` (`Eurotech_PN`, `Description`, `Supplier`, `Supplier_PN`, `Tape`, `Width`, `Length`, `Color`, `ET_Model`, `ET_Dwg`, `Product`) VALUES
	('1000321', '651MSX-25-20-BLK', NULL, NULL, '651MSX', '25', '20', 'BLK', NULL, NULL, 'Tape'),
	('1000322', '8310SE-25-25-BLK', NULL, NULL, '8310SE', '25', '25', 'BLK', NULL, NULL, 'Tape'),
	('1000324', '837X-38-25-BLK', NULL, '99264', '837X', '38', '25', 'BLK', NULL, NULL, 'Tape'),
	('1000325', '8551-9-25-BLK', NULL, '176644', '8551', '9', '25', 'BLK', NULL, NULL, 'Tape'),
	('1288X1925SLV', '1288X-19-25-SLV', NULL, '205138', '1288X', '19', '25', 'SLV', NULL, NULL, 'Tape'),
	('3171933WHT', '317-19-33-WHT', NULL, '156317', '317', '19', '33', 'WHT', NULL, NULL, 'Tape'),
	('317933WHT', '317-9-33-WHT', NULL, NULL, '317', '9', '33', 'WHT', NULL, NULL, 'Tape'),
	('5051925BLK', '505-19-25-BLK', NULL, '174104', '505', '19', '25', 'BLK', NULL, NULL, 'Tape'),
	('5121925BLK', '512-19-25-BLK', NULL, '173540', '512', '19', '25', 'BLK', NULL, NULL, 'Tape'),
	('651MSX1933OR', '651MSX-19-33-ORG', NULL, '191015', '651MSX', '19', '33', 'ORG', NULL, NULL, 'Tape'),
	('651MSX2533OR', '651MSX-25-33-ORG', NULL, '235687', '651MSX', '25', '33', 'ORG', NULL, NULL, 'Tape'),
	('831925B', '839-19-25-BLK', NULL, '177227', '839', '19', '25', 'BLK', NULL, NULL, 'Tape'),
	('832MPX1915BK', '832MPX-19-15-BLK', NULL, '174352', '832MPX', '19', '15', 'BLK', NULL, NULL, 'Tape'),
	('832MPXRTBKR', '832MPXRT-35-10-BLK-RT', NULL, NULL, '832MPX-RT', '35', '10', 'BLK-RT', NULL, NULL, 'Tape'),
	('833MPX195BLK', '833MPX-19-5-BLK', NULL, '174060', '833MPX', '19', '5', 'BLK', NULL, NULL, 'Tape'),
	('834MPX1905BK', '834MPX-19-5-BLK', NULL, '141009', '834MPX', '19', '5', 'BLK', NULL, NULL, 'Tape'),
	('8351925BLK', '835-19-25-BLK', NULL, '172412', '835', '19', '25', 'BLK', NULL, NULL, 'Tape'),
	('835X1925BLK', '835X-19-25-BLK', NULL, '156361', '835X', '19', '25', 'BLK', NULL, NULL, 'Tape'),
	('835X2525BLK', '835X-25-25-BLK', NULL, '180814', '835X', '25', '25', 'BLK', NULL, NULL, 'Tape'),
	('835X925BLK', '835X-9-25-BLK', NULL, '180389', '835X', '9', '25', 'BLK', NULL, NULL, 'Tape'),
	('8371925B', '837X-19-25-BLK', NULL, '99631', '837X', '19', '25', 'BLK', NULL, NULL, 'Tape'),
	('8371925O', '837X-19-25-ORG', NULL, '147094', '837X', '19', '25', 'ORG', NULL, NULL, 'Tape'),
	('83751925', '8375X-19-25-BLK', NULL, '92184', '8375X', '19', '25', 'BLK', NULL, NULL, 'Tape'),
	('837X1925GRY', '837X-19-25-GRY', NULL, NULL, '837X', '19', '25', 'GRY', NULL, NULL, 'Tape'),
	('837X2525BLK', '837X-25-25-BLK', NULL, '118710', '837X', '25', '25', 'BLK', NULL, NULL, 'Tape'),
	('837XRT3510BK', '837X RT-35-10-BLK', NULL, '172995', '837XRT', '35', '10', 'BLK', NULL, NULL, 'Tape'),
	('8381966G', '838X-19-66-GRY', NULL, NULL, '838X', '19', '66', 'GRY', NULL, NULL, 'Tape'),
	('8391925B', '839X-19-25-BLK', NULL, '154505', '839X', '19', '25', 'BLK', NULL, NULL, 'Tape'),
	('85101910BLK', '8510-19-10-BLK', NULL, '169355', '8510', '19', '10', 'BLK', NULL, NULL, 'Tape'),
	('8515X1910BLK', '8515X-19-10-BLK', NULL, '53400', '8515X', '19', '10', 'BLK', NULL, NULL, 'Tape'),
	('85511925BLK', '8551-19-25-BLK', NULL, '105407', '8551', '19', '25', 'BLK', NULL, NULL, 'Tape'),
	('8555X1920BLK', '8555X-19-20-BLK', NULL, '117852', '8555X', '19', '20', 'BLK', NULL, NULL, 'Tape'),
	('8575X1905BLK', '8575X-19-5-BLK', NULL, '53401', '8575X', '19', '5', 'BLK', NULL, NULL, 'Tape'),
	('8801915B', '880-19-15-BLK', NULL, NULL, '880', '19', '15', 'BLK', NULL, NULL, 'Tape'),
	('CP837X525ORG', 'CP-TKB0924 / 837X-5mm-25mm-ORG', NULL, '234350', 'CP-TKB0924 / 837X', '5mm', '25mm', 'ORG', NULL, NULL, 'Tape'),
	('E101707', 'DWT(RX), 4:1 SHRINK RATIO, 10.8 ID, CL, 100mm LENGTH', 'VEN002', NULL, NULL, NULL, NULL, NULL, NULL, NULL, 'Tube'),
	('E101710', 'DWT(RO),4:1 SHRINK RATIO, 7.40 ID, BK, 50mm LENGTH', 'VEN002', NULL, NULL, NULL, NULL, NULL, NULL, NULL, 'Tube'),
	('ET008-50', 'BluSeal ET008-50 gram Bottle with UV Tracer', 'VEN003', 'CE6039', NULL, NULL, NULL, NULL, NULL, NULL, 'BluSeal'),
	('ET008-500', 'BluSeal ET008-500 gram Bottle with UV Tracer', 'VEN003', 'CE6038', NULL, NULL, NULL, NULL, NULL, NULL, 'BluSeal'),
	('P000030', 'ET00 SWS135-55PXV000, 3.2/1.6-Black', 'VEN238', NULL, NULL, NULL, NULL, NULL, 'ET00', 'D000002', 'Tube'),
	('P000042', 'ET10 DWS125-40PXGEVS, 8/2-30mm Black', 'VEN238', NULL, NULL, NULL, NULL, NULL, 'ET10', 'D000004', 'Tube'),
	('P000043', 'ET10 DWS125-40PXGEVS, 12/3-50mm Black', 'VEN238', NULL, NULL, NULL, NULL, NULL, 'ET10', 'D000004', 'Tube'),
	('P000053', 'ET22 DWS125-40PXYEVH, 18.3/4.5-50mm BLK', 'VEN238', NULL, NULL, NULL, NULL, NULL, 'ET22', 'D000030', 'Tube'),
	('P000106', 'ET22 DWS125-40PXYEVH, 5.7/1.3-50mm BLK', 'VEN238', NULL, NULL, NULL, NULL, NULL, 'ET22', 'D000030', 'Tube'),
	('P000109', 'ET22-7.5/1.7-Blk-35mm', 'VEN238', NULL, NULL, NULL, NULL, NULL, 'ET22', 'D000030', 'Tube'),
	('P000110', 'ET00-3.2/1.6-30MM-BLK', 'VEN238', NULL, NULL, NULL, NULL, NULL, 'ET00', 'D000002', 'Tube'),
	('P000115', 'ET72-9.5/4.8-38MM-BLK', 'VEN001', NULL, NULL, NULL, NULL, NULL, 'ET72', 'D000066', 'Tube'),
	('P000116', 'ET22 DWS125-40PXYEVH, 5.7/1.3-20mm BLK', 'VEN238', NULL, NULL, NULL, NULL, NULL, 'ET22', 'D000030', 'Tube'),
	('P000117', 'ET22 DWS125-40PXYEVH, 5.7/1.3-35mm BLK', 'VEN238', NULL, NULL, NULL, NULL, NULL, 'ET22', 'D000030', 'Tube'),
	('P000121', 'ET22 DWS125-40PXYEVH, 7.5/1.7-50mm BLK', 'VEN238', NULL, NULL, NULL, NULL, NULL, 'ET22', 'D000030', 'Tube'),
	('P000198', 'ET10-12.0/3.0-35MM-BLK', 'VEN238', NULL, NULL, NULL, NULL, NULL, 'ET10', 'D000004', 'Tube'),
	('P000215', 'ET25-5.7/1.3-BLK-65MM', 'VEN001', NULL, NULL, NULL, NULL, NULL, 'ET25', 'D000060', 'Tube'),
	('P000217', 'ET25-11.0/2.5-65mm BLK', 'VEN001', NULL, NULL, NULL, NULL, NULL, 'ET25', 'D000060', 'Tube'),
	('P000238', 'ET87-27.9/8.4-BLK-50mm', 'VEN001', NULL, NULL, NULL, NULL, NULL, 'ET87', 'D000073', 'Tube'),
	('P000260', 'ET14-5.7/1.3-40MM-BLK', 'VEN238', NULL, NULL, NULL, NULL, NULL, 'ET14', 'D000008', 'Tube'),
	('P000269', 'ET25-11.0/2.5-BLK-45MM', 'VEN001', NULL, NULL, NULL, NULL, NULL, 'ET25', 'D000060', 'Tube'),
	('P000270', 'ET25-11.0/2.5-120MM-RED', NULL, NULL, NULL, NULL, NULL, NULL, 'ET25', 'D000060', 'Tube'),
	('P000285', 'ET25-14.0/3.0-BLK-45MM', NULL, NULL, NULL, NULL, NULL, NULL, 'ET25', 'D000060', 'Tube'),
	('P000286', 'ET25-14.0/3.0-BLK-65MM', 'VEN001', NULL, NULL, NULL, NULL, NULL, 'ET25', 'D000060', 'Tube'),
	('P000289', 'ET25-5.7/1.3-27MM-BLK', 'VEN001', NULL, NULL, NULL, NULL, NULL, 'ET25', 'D000060', 'Tube'),
	('P000318', 'ET25-18.3/4.5-37MM-BLK', 'VEN001', NULL, NULL, NULL, NULL, NULL, 'ET25', 'D000060', 'Tube'),
	('P000336', 'ET25-5.7/1.3R-BLK-30mm', 'VEN001', NULL, NULL, NULL, NULL, NULL, 'ET25', 'D000060', 'Tube'),
	('P000360', 'ET25-11.0/2.4R-BLK-30mm', 'VEN001', NULL, NULL, NULL, NULL, NULL, 'ET25', 'D000060', 'Tube'),
	('P000415', 'ET25-18.3/4.5R-BK-50mm', 'VEN001', NULL, NULL, NULL, NULL, NULL, 'ET25', 'D000060', 'Tube'),
	('P000677', 'ET84-5.7/1.3-BLK-35mm', 'VEN001', NULL, NULL, NULL, NULL, NULL, 'ET84', 'D000078', 'Tube'),
	('P000708', 'ET70-1.6/0.8-BLK-50mm', 'VEN001', NULL, NULL, NULL, NULL, NULL, 'ET70', 'D000070', 'Tube'),
	('P001078', 'ET49-9.5/4.8-BLK-50mm', 'VEN238', NULL, NULL, NULL, NULL, NULL, 'ET49', 'D000063', 'Tube'),
	('P001080', 'ET87-11.6/2.5-BLK-33mm', 'VEN001', NULL, NULL, NULL, NULL, NULL, 'ET87', 'D000073', 'Tube'),
	('P001081', 'ET87-17.8/4.4-BLK-33mm', 'VEN001', NULL, NULL, NULL, NULL, NULL, 'ET87', 'D000073', 'Tube'),
	('P001083', 'ET87-11.6/2.5-RED-33mm', 'VEN001', NULL, NULL, NULL, NULL, NULL, 'ET87', 'D000073', 'Tube'),
	('P001085', 'ET87-11.6/2.5-BLK-40mm', 'VEN001', NULL, NULL, NULL, NULL, NULL, 'ET87', 'D000073', 'Tube'),
	('P001107', 'ET05-7.5/2.5-BK-35mm - no print', 'VEN001', NULL, NULL, NULL, NULL, NULL, 'ET05', 'D000049', 'Tube'),
	('P001117', 'ET00-4.8/2.4-BK-35mm - no print', 'VEN238', NULL, NULL, NULL, NULL, NULL, 'ET00', 'D000002', 'Tube'),
	('P001153', 'ET25-28.0/7.0-BK-50mm', 'VEN001', NULL, NULL, NULL, NULL, NULL, 'ET25', 'D000060', 'Tube'),
	('P500000', 'Coroflex 9-2652 FHL2G 50.0mmÂ²/0.21-ORG', NULL, '171953', NULL, NULL, NULL, NULL, NULL, NULL, 'Cable'),
	('P500001', 'Coroflex 9-2611 FHLR2GCB2G 4.0mmÂ²/0.21-ORG', NULL, '158543', NULL, NULL, NULL, NULL, NULL, NULL, 'Cable'),
	('P500002', 'Coroflex 9-2611 FHLR2GCB2G 6.0mmÂ²/0.21-ORG', NULL, '229226', NULL, NULL, NULL, NULL, NULL, NULL, 'Cable'),
	('P500003', 'Coroflex 9-2611 FHLR2GCB2G 10.0mmÂ²/0.21-ORG', NULL, '157090', NULL, NULL, NULL, NULL, NULL, NULL, 'Cable'),
	('P500004', 'Coroflex 9-2611 FHLR2GCB2G 16.0mmÂ²/0.21-ORG', NULL, '153792', NULL, NULL, NULL, NULL, NULL, NULL, 'Cable'),
	('P500005', 'Coroflex 9-2611 FHLR2GCB2G 25.0mmÂ²/0.21-ORG', NULL, '153797', NULL, NULL, NULL, NULL, NULL, NULL, 'Cable'),
	('P500006', 'Coroflex 9-2611 FHLR2GCB2G 35.0mmÂ²/0.21-ORG', NULL, '153802', NULL, NULL, NULL, NULL, NULL, NULL, 'Cable'),
	('P500007', 'Coroflex 9-2611 FHLR2GCB2G 50.0mmÂ²/0.21-ORG', NULL, '153807', NULL, NULL, NULL, NULL, NULL, NULL, 'Cable'),
	('P500008', 'Coroflex 9-2611 FHLR2GCB2G 70.0mmÂ²/0.21-ORG', NULL, '177985', NULL, NULL, NULL, NULL, NULL, NULL, 'Cable'),
	('P500009', 'Coroflex 9-2611 FHLR2GCB2G 95.0mmÂ²/0.21-ORG', NULL, '177987', NULL, NULL, NULL, NULL, NULL, NULL, 'Cable'),
	('P500010', 'Coroflex 9-2621 FHL2GCB2G 120.0mmÂ²/0.21-ORG', NULL, '185266', NULL, NULL, NULL, NULL, NULL, NULL, 'Cable'),
	('P500011', 'Coroflex 9-2652 FHL2G 4.0mmÂ²/0.21-ORG', NULL, '169723', NULL, NULL, NULL, NULL, NULL, NULL, 'Cable'),
	('P500012', 'Coroflex 9-2652 FHL2G 6.0mmÂ²/0.21-ORG', NULL, '224900', NULL, NULL, NULL, NULL, NULL, NULL, 'Cable'),
	('P500013', 'Coroflex 9-2652 FHL2G 10.0mmÂ²/0.21-ORG', NULL, '208146', NULL, NULL, NULL, NULL, NULL, NULL, 'Cable'),
	('P500014', 'Coroflex 9-2652 FHL2G 16.0mmÂ²/0.21-ORG', NULL, '193275', NULL, NULL, NULL, NULL, NULL, NULL, 'Cable'),
	('P500015', 'Coroflex 9-2652 FHL2G 25.0mmÂ²/0.21-ORG', NULL, '175374', NULL, NULL, NULL, NULL, NULL, NULL, 'Cable'),
	('P500016', 'Coroflex 9-2652 FHL2G 35.0mmÂ²/0.21-ORG', NULL, '167237', NULL, NULL, NULL, NULL, NULL, NULL, 'Cable'),
	('P500017', 'Coroflex 9-2652 FHL2G 70.0mmÂ²/0.21-ORG', NULL, '193274', NULL, NULL, NULL, NULL, NULL, NULL, 'Cable'),
	('P500018', 'Coroflex 9-2652 FHL2G 95.0mmÂ²/0.21-ORG', NULL, '190544', NULL, NULL, NULL, NULL, NULL, NULL, 'Cable'),
	('P500019', 'Coroflex 9-2652 FHL2G 120.0mmÂ²/0.21-ORG', NULL, '223442', NULL, NULL, NULL, NULL, NULL, NULL, 'Cable'),
	('P500020', 'Coroflex 9-2642 FHLR2G2G 2x6mmÂ²-ORG', NULL, '173020', NULL, NULL, NULL, NULL, NULL, NULL, 'Cable'),
	('P500021', 'Coroflex 9-2641 FHLR2GCB2G 2x4.0mmÂ²-ORG', NULL, '153706', NULL, NULL, NULL, NULL, NULL, NULL, 'Cable'),
	('P500022', 'Coroflex 9-2641 FHLR2GCB2G 3x4.0mmÂ²-ORG', NULL, '165123', NULL, NULL, NULL, NULL, NULL, NULL, 'Cable'),
	('P500023', 'Coroflex 9-2641 FHLR2GCB2G 2x6.0mmÂ²-ORG', NULL, '147794', NULL, NULL, NULL, NULL, NULL, NULL, 'Cable'),
	('P500024', 'Coroflex 9-2641 FHLR2GCB2G 3x6.0mmÂ²-ORG', NULL, '174565', NULL, NULL, NULL, NULL, NULL, NULL, 'Cable'),
	('P500025', 'Coroflex 9-2641 FHLR2GCB2G 4x6.0mmÂ²-ORG', NULL, '196024', NULL, NULL, NULL, NULL, NULL, NULL, 'Cable'),
	('P500026', 'Coroflex 9-2641 FHLR2GCB2G 5x6.0mmÂ²-ORG', NULL, '155658', NULL, NULL, NULL, NULL, NULL, NULL, 'Cable'),
	('P500027', 'Coroflex 9-2632 FHLALR2GCB2G 70mmÂ²-ORG', NULL, '222024', NULL, NULL, NULL, NULL, NULL, NULL, 'Cable'),
	('P500028', 'Coroflex 9-2641 FHLR2GCB2G 2x2.5mmÂ²-ORG', NULL, '153702', NULL, NULL, NULL, NULL, NULL, NULL, 'Cable'),
	('P500029', 'Coroflex 9-2642 FHLR2G2G 4x6mmÂ²-ORG', NULL, NULL, NULL, NULL, NULL, NULL, NULL, NULL, 'Cable'),
	('P500030', 'Coroflex 9-2641 FHLR2GCB2G+FLR7YB2G 2x4mmÂ²+2x0.35x0.35-ORG', NULL, NULL, NULL, NULL, NULL, NULL, NULL, NULL, 'Cable'),
	('P500031', 'Coroflex 9-2641 FHLR2GCB2G 3x2.5mmÂ²-ORG', NULL, '155582', NULL, NULL, NULL, NULL, NULL, NULL, 'Cable'),
	('P500032', 'Coroflex 9-2632 FHLALR2GCB2G 35mmÂ²-ORG', NULL, NULL, NULL, NULL, NULL, NULL, NULL, NULL, 'Cable'),
	('P500033', 'Coroflex 9-2632 FHLALR2GCB2G 50mmÂ²-ORG', NULL, '216355', NULL, NULL, NULL, NULL, NULL, NULL, 'Cable'),
	('P500034', 'Coroflex 9-2632 FHLALR2GCB2G 95mmÂ²-ORG', NULL, '221153', NULL, NULL, NULL, NULL, NULL, NULL, 'Cable'),
	('P500035', 'Coroflex 9-2641 FHLR2GCB2G 4x6.0mmÂ²-ORG', NULL, '174040', NULL, NULL, NULL, NULL, NULL, NULL, 'Cable'),
	('P500036', 'Coroflex 9-2617 ISO T180 FHLR2GCB2G 35.0mmÂ²/0.21-ORG', NULL, '222874', NULL, NULL, NULL, NULL, NULL, NULL, 'Cable'),
	('P500037', 'Coroflex 9-2617 ISO T180 FHLR2GCB2G 50.0mmÂ²/0.21-ORG', NULL, '218170', NULL, NULL, NULL, NULL, NULL, NULL, 'Cable'),
	('P500038', 'Coroflex 9-2617 ISO T180 FHLR2GCB2G 70.0mmÂ²/0.21-ORG', NULL, '218171', NULL, NULL, NULL, NULL, NULL, NULL, 'Cable'),
	('P500039', 'Coroflex 9-2617 ISO T180 FHLR2GCB2G 95.0mmÂ²/0.21-ORG', NULL, '218172', NULL, NULL, NULL, NULL, NULL, NULL, 'Cable'),
	('P500040', 'Coroflex 9-2617 ISO T180 FHLR2GCB2G 120.0mmÂ²/0.21-ORG', NULL, '238568', NULL, NULL, NULL, NULL, NULL, NULL, 'Cable'),
	('P500041', 'Coroflex 9-2641 FHLR2GCB2G 4x4.0mmÂ²-ORG', NULL, '179519', NULL, NULL, NULL, NULL, NULL, NULL, 'Cable'),
	('P500042', 'Coroflex 9-2622 FHL2GCB2G 2.5mmÂ²/0.21-ORG', NULL, '183141', NULL, NULL, NULL, NULL, NULL, NULL, 'Cable'),
	('P500043', 'Coroflex 9-2611 FHLR2GCB2G 50.0mmÂ²/0.21-ORG w/ black stripe', NULL, '176709', NULL, NULL, NULL, NULL, NULL, NULL, 'Cable'),
	('P500044', 'Coroflex 9-2615 FHLR2GCB2G 50.0mmÂ²/0.21-ORG', NULL, '208273', NULL, NULL, NULL, NULL, NULL, NULL, 'Cable');

-- Dumping structure for table eurotechdb.tapes_ppap
CREATE TABLE IF NOT EXISTS `tapes_ppap` (
  `TAP_PPAP_ID` int NOT NULL AUTO_INCREMENT,
  `OEM` tinytext,
  `Country` varchar(30) CHARACTER SET utf8mb4 COLLATE utf8mb4_0900_ai_ci DEFAULT NULL,
  `PPAP_level` char(1) CHARACTER SET utf8mb4 COLLATE utf8mb4_0900_ai_ci DEFAULT NULL,
  `FK_Customer_PN` varchar(30) CHARACTER SET utf8mb4 COLLATE utf8mb4_0900_ai_ci NOT NULL,
  `IMDS_ID_No` varchar(8) DEFAULT NULL,
  `Returned_CTC-Sent_Cust` date DEFAULT NULL,
  `Cust_Signed-Sent_CTC` date DEFAULT NULL,
  `PPAP_from_shipments` char(1) DEFAULT NULL,
  `Comments` tinytext,
  PRIMARY KEY (`TAP_PPAP_ID`) USING BTREE,
  KEY `FK1_Customer_PN-TAP_PPAP` (`FK_Customer_PN`),
  CONSTRAINT `FK1_Customer_PN-TAP_PPAP` FOREIGN KEY (`FK_Customer_PN`) REFERENCES `customer_pn` (`Customer_PN`)
) ENGINE=InnoDB AUTO_INCREMENT=53 DEFAULT CHARSET=utf8mb4 COLLATE=utf8mb4_0900_ai_ci;

-- Dumping data for table eurotechdb.tapes_ppap: ~36 rows (approximately)
INSERT INTO `tapes_ppap` (`TAP_PPAP_ID`, `OEM`, `Country`, `PPAP_level`, `FK_Customer_PN`, `IMDS_ID_No`, `Returned_CTC-Sent_Cust`, `Cust_Signed-Sent_CTC`, `PPAP_from_shipments`, `Comments`) VALUES
	(4, 'Fluence', 'MEX', '2', '10164237-001', '48001', '2023-08-24', '2023-10-03', NULL, NULL),
	(5, 'Rivian', 'MEX', '2', '10173694-001', '48001', '2024-01-11', '2024-01-11', NULL, NULL),
	(6, 'Rivian', 'MEX', '2', '10173843-001', '48001', '2024-01-08', '2024-01-22', NULL, NULL),
	(7, 'GM', 'MEX', '2', '49997', '645', '2021-11-22', '2022-02-01', NULL, NULL),
	(8, 'GM', 'MEX', '2', '48254', '645', '2021-03-25', NULL, NULL, NULL),
	(9, NULL, NULL, NULL, '122GO-002704-01', '40429', '2025-08-05', '2025-08-07', NULL, NULL),
	(10, NULL, NULL, NULL, '122G0-001488-01', '40429', NULL, NULL, NULL, NULL),
	(11, NULL, NULL, NULL, '122G0-001639-01', '40429', NULL, NULL, NULL, NULL),
	(12, 'Stelliantis', 'MEX', '4', '198217', '17916', '2025-05-23', NULL, NULL, NULL),
	(13, 'Ford', 'USA', '2', '71076600', '21733', '2021-06-23', NULL, NULL, 'no aparece en netsuite'),
	(14, 'Ford', 'USA', '4', '707597-19-00', '21733', '2019-08-15', '2019-08-15', NULL, 'no aparece en netsuite'),
	(15, 'Stelliantis', 'USA', '4', '837X-19-BK', '21733', '2023-04-04', NULL, NULL, 'no aparece en netsuite'),
	(16, 'Stelliantis', 'USA', '4', '648145 19 99', '21733', '2019-11-05', '2019-12-02', NULL, 'no aparece en netsuite'),
	(17, NULL, 'USA', '2', '138950', '132984', '2024-11-25', NULL, NULL, NULL),
	(18, 'ZOOX, HaeÂ¿rbinger, John Deere, Caterpillar', 'USA', '4', '149607', '132984', '2025-05-19', NULL, NULL, NULL),
	(19, NULL, 'USA', '2', '130851', '132984', '2024-11-27', NULL, NULL, NULL),
	(20, NULL, 'USA', '2', '131646', '132984', '2024-11-25', NULL, NULL, NULL),
	(21, NULL, 'USA', '4', '149607', '132984', '2025-05-19', NULL, '*', NULL),
	(22, NULL, 'USA', '4', '146820', '132984', '2025-07-24', '2025-07-30', '*', NULL),
	(23, 'Ford', 'USA', '4', '40021779', '56697', '2019-08-20', '2019-09-09', NULL, NULL),
	(24, 'Ford', 'USA', '2', '40021778', '56697', '2018-10-01', '2018-11-26', NULL, NULL),
	(25, 'Ford', 'USA', '2', '40021804', '56697', '2019-11-06', '2019-12-06', NULL, NULL),
	(26, 'Stelliantis', 'MEX', '2', '40002433', '56697', '2022-09-26', NULL, NULL, NULL),
	(27, 'Ford', 'USA', '2', '40021815', '56697', '2020-03-02', NULL, NULL, NULL),
	(28, 'F/S', 'USA', '4', '40021743', '56697', '2019-08-20', '2019-09-09', NULL, NULL),
	(29, 'F/S', 'MEX', '4', '40021860', '56697', '2023-02-06', '2023-05-05', NULL, NULL),
	(30, 'Ford', 'MEX', '4', '40021861', '56697', '2023-01-24', '2023-02-20', NULL, NULL),
	(31, 'Stelliantis', 'MEX', '4', '40194876', '56697', '2023-04-18', '2023-04-19', NULL, NULL),
	(32, NULL, NULL, '4', '40002226', '56697', NULL, NULL, NULL, NULL),
	(33, 'Stelliantis', 'USA', '2', '40002498', '56697', '2023-05-17', '2023-05-23', NULL, NULL),
	(34, 'Stelliantis', 'USA', '2', '40002497', '56697', '2023-05-01', '2023-05-22', NULL, NULL),
	(35, 'Stelliantis', 'MEX', '4', '40194891', '56697', '2023-05-05', '2023-05-25', NULL, NULL),
	(36, 'Stelliantis', 'MEX', '4', '40193540', '56697', '2023-10-24', NULL, NULL, NULL),
	(37, 'Ford', 'MEX', '2', '40021787', '56697', NULL, '2023-09-13', NULL, NULL),
	(38, 'Stelliantis', 'USA', '4', '40021714', '56697', '2024-02-05', NULL, NULL, NULL),
	(39, 'Ford', 'USA', '4', '40021836', '56697', '2024-09-16', '2024-09-19', NULL, NULL);

-- Dumping structure for table eurotechdb.tapes_renewal
CREATE TABLE IF NOT EXISTS `tapes_renewal` (
  `TAP_Renewal_ID` int NOT NULL AUTO_INCREMENT,
  `Renewal_Date` date DEFAULT NULL,
  `Sent_Request_CTC` date DEFAULT NULL,
  `Sent_Customer` date DEFAULT NULL,
  `Returned_Cust_Signed` date DEFAULT NULL,
  `FK_TAP_PPAP_ID` int NOT NULL,
  PRIMARY KEY (`TAP_Renewal_ID`),
  KEY `FK1_TAP_PPAP-TAP_Renewal` (`FK_TAP_PPAP_ID`),
  CONSTRAINT `FK1_TAP_PPAP-TAP_Renewal` FOREIGN KEY (`FK_TAP_PPAP_ID`) REFERENCES `tapes_ppap` (`TAP_PPAP_ID`)
) ENGINE=InnoDB AUTO_INCREMENT=108 DEFAULT CHARSET=utf8mb4 COLLATE=utf8mb4_0900_ai_ci;

-- Dumping data for table eurotechdb.tapes_renewal: ~50 rows (approximately)
INSERT INTO `tapes_renewal` (`TAP_Renewal_ID`, `Renewal_Date`, `Sent_Request_CTC`, `Sent_Customer`, `Returned_Cust_Signed`, `FK_TAP_PPAP_ID`) VALUES
	(3, '2024-08-23', '2024-06-24', '2024-08-06', NULL, 4),
	(4, '2025-08-23', '2025-06-24', NULL, NULL, 4),
	(5, '2025-01-10', '2024-11-11', '2025-01-06', NULL, 5),
	(6, '2025-01-07', '2024-11-08', '2025-01-06', NULL, 6),
	(7, '2024-02-01', '2023-12-03', '2024-03-11', NULL, 7),
	(8, '2025-03-11', '2025-01-10', '2025-01-06', '2025-03-26', 7),
	(9, '2024-02-23', '2023-12-25', '2024-03-12', NULL, 8),
	(10, '2025-03-12', '2025-01-11', '2025-01-17', '2025-02-18', 8),
	(11, '2024-05-12', '2024-03-13', '2024-08-05', NULL, 13),
	(12, '2025-03-13', '2025-01-12', '2025-01-24', NULL, 13),
	(13, '2024-08-22', '2024-06-23', '2024-07-25', NULL, 14),
	(14, '2025-06-23', '2025-04-24', '2025-05-14', '2025-07-15', 14),
	(15, '2024-04-03', '2024-02-03', '2024-05-23', NULL, 15),
	(16, '2025-04-03', '2025-02-02', '2025-02-21', '2025-03-14', 15),
	(17, '2024-04-05', '2024-02-05', '2024-01-16', '2024-01-29', 16),
	(18, '2025-01-15', '2024-11-16', '2025-02-04', '2025-02-10', 16),
	(19, NULL, NULL, '2025-01-28', NULL, 20),
	(20, '2024-07-19', '2024-05-20', '2024-08-05', NULL, 23),
	(21, '2025-08-05', '2025-06-06', '2025-02-21', '2025-03-05', 23),
	(22, '2024-07-19', '2024-05-20', '2024-07-12', '2024-08-20', 24),
	(23, '2025-07-12', '2025-05-13', '2025-02-21', NULL, 24),
	(24, '2024-07-19', '2024-05-20', '2024-07-12', '2024-08-20', 25),
	(25, '2025-07-12', '2025-05-13', '2025-02-21', NULL, 25),
	(26, '2024-09-25', '2024-07-27', '2024-09-10', '2024-09-13', 26),
	(27, '2025-09-10', '2025-07-12', '2025-05-19', NULL, 26),
	(28, '2024-01-10', '2023-11-11', '2024-03-11', NULL, 27),
	(29, '2025-03-11', '2025-01-10', '2025-01-16', '2025-01-30', 27),
	(30, '2024-10-27', '2024-08-28', '2024-02-05', NULL, 28),
	(31, '2025-02-04', '2024-12-06', '2025-02-24', '2025-03-05', 28),
	(32, '2024-02-06', '2023-12-08', '2024-03-11', NULL, 29),
	(33, '2025-03-11', '2025-01-10', '2025-01-06', NULL, 29),
	(34, '2024-01-24', '2023-11-25', '2024-04-24', '2024-05-02', 30),
	(35, '2025-04-24', '2025-02-23', '2025-03-12', NULL, 30),
	(36, '2024-04-17', '2024-02-17', '2024-07-24', NULL, 31),
	(37, '2025-07-24', '2025-05-25', '2025-03-17', NULL, 31),
	(38, NULL, NULL, '2024-02-16', '2024-02-27', 32),
	(39, '2025-02-15', '2024-12-17', NULL, NULL, 32),
	(40, '2024-05-16', '2024-03-17', '2024-07-25', '2024-08-20', 33),
	(41, '2025-07-25', '2025-05-26', '2025-03-27', NULL, 33),
	(42, '2024-04-30', '2024-03-01', '2024-07-24', '2024-08-20', 34),
	(44, '2025-04-30', '2025-03-01', '2025-03-17', NULL, 34),
	(45, '2024-05-04', '2024-03-05', NULL, NULL, 35),
	(46, '2025-05-04', '2025-03-05', '2025-03-17', NULL, 35),
	(47, '2024-10-23', '2024-08-24', NULL, NULL, 36),
	(48, '2025-10-23', '2025-08-24', NULL, NULL, 36),
	(49, '2024-09-12', '2024-07-14', '2024-08-06', NULL, 37),
	(50, '2025-08-06', '2025-06-07', NULL, NULL, 37),
	(51, '2025-02-04', '2024-12-06', '2025-01-06', '2025-01-30', 38),
	(52, '2025-09-16', '2025-07-18', NULL, NULL, 39),
	(87, NULL, NULL, '2024-10-10', NULL, 5);

-- Dumping structure for table eurotechdb.tubes_ppap
CREATE TABLE IF NOT EXISTS `tubes_ppap` (
  `PPAP_Number` varchar(10) NOT NULL,
  `FK_Customer_PN` varchar(30) CHARACTER SET utf8mb4 COLLATE utf8mb4_0900_ai_ci NOT NULL,
  PRIMARY KEY (`PPAP_Number`),
  KEY `FK1_Customer_PN-TUB_PPAP` (`FK_Customer_PN`),
  CONSTRAINT `FK1_Customer_PN-TUB_PPAP` FOREIGN KEY (`FK_Customer_PN`) REFERENCES `customer_pn` (`Customer_PN`)
) ENGINE=InnoDB DEFAULT CHARSET=utf8mb4 COLLATE=utf8mb4_0900_ai_ci;

-- Dumping data for table eurotechdb.tubes_ppap: ~37 rows (approximately)
INSERT INTO `tubes_ppap` (`PPAP_Number`, `FK_Customer_PN`) VALUES
	('PP00015-1', '012538'),
	('PP00045-03', '57225'),
	('PP00026-01', '69321134'),
	('PP00061-11', '7094175930'),
	('PP00062-01', '7094176230 Document ID 2552486'),
	('PP00062-02', '7094176430 Document ID 2553139'),
	('PP00061-12', '7094177130 Document ID 2757177'),
	('PP00019-02', '95849363'),
	('PP00019-03', '95850698'),
	('PP00019-04', '95890015'),
	('PP00067-13', '99932941'),
	('PP00067-16', '99932942'),
	('PP00067-15', '99932943'),
	('PP00067-12', '99932947'),
	('PP00067-14', '99932951'),
	('PP00017-1', 'E26424100'),
	('PP00017-2', 'E26459700'),
	('PP00016-1', 'E33300300'),
	('PP00016-2', 'E33301100'),
	('PP00016-3', 'E34284700'),
	('PP00024-01', 'E36091300'),
	('PP00024-02', 'E37679000'),
	('PP00024-09', 'E38846500'),
	('PP00024-04', 'E38848500'),
	('PP00024-06', 'E38923900'),
	('PP00024-05', 'E38925400'),
	('PP00024-10', 'E38925800'),
	('PP00024-03', 'E39339000'),
	('PP00024-27', 'E55046100'),
	('PP00012-06', 'GAT001'),
	('PP00012-03', 'GAT023'),
	('PP00012-02', 'GAT101'),
	('PP00012-01', 'GAT125'),
	('PP00012-05', 'GAT130'),
	('PP00012-04', 'GAT132'),
	('PP00014-01', 'HST555P78'),
	('PP00025-01', 'ZRM-982381-20');

-- Dumping structure for table eurotechdb.tubes_ppaps
CREATE TABLE IF NOT EXISTS `tubes_ppaps` (
  `TUB_PPAPS_ID` int NOT NULL AUTO_INCREMENT,
  `FK_PPAP_Number` varchar(10) CHARACTER SET utf8mb4 COLLATE utf8mb4_0900_ai_ci NOT NULL,
  `PPAP_Req_by_Cus_Date` date DEFAULT NULL,
  `Current_Status` tinytext CHARACTER SET utf8mb4 COLLATE utf8mb4_0900_ai_ci,
  `Rev` varchar(5) CHARACTER SET utf8mb4 COLLATE utf8mb4_0900_ai_ci DEFAULT NULL,
  `IMDS_Number` varchar(15) CHARACTER SET utf8mb4 COLLATE utf8mb4_0900_ai_ci DEFAULT NULL,
  `IMDS_Status` varchar(10) CHARACTER SET utf8mb4 COLLATE utf8mb4_0900_ai_ci DEFAULT NULL,
  `PPAP_docs` varchar(15) CHARACTER SET utf8mb4 COLLATE utf8mb4_0900_ai_ci DEFAULT NULL,
  `Level` varchar(3) CHARACTER SET utf8mb4 COLLATE utf8mb4_0900_ai_ci DEFAULT NULL,
  `Samples_Status` varchar(9) CHARACTER SET utf8mb4 COLLATE utf8mb4_0900_ai_ci DEFAULT NULL,
  `Reason_submission` varchar(20) CHARACTER SET utf8mb4 COLLATE utf8mb4_0900_ai_ci DEFAULT NULL,
  `Sent_Customer` date DEFAULT NULL,
  `PSW_Returned` date DEFAULT NULL,
  `Origin_from_report` varchar(2) CHARACTER SET utf8mb4 COLLATE utf8mb4_0900_ai_ci DEFAULT NULL,
  `Comments` tinytext CHARACTER SET utf8mb4 COLLATE utf8mb4_0900_ai_ci,
  `Inspection_rep_numb` varchar(10) CHARACTER SET utf8mb4 COLLATE utf8mb4_0900_ai_ci DEFAULT NULL,
  PRIMARY KEY (`TUB_PPAPS_ID`),
  KEY `FK2_TUB_PPAP-TUB_PPAPs` (`FK_PPAP_Number`),
  CONSTRAINT `FK2_TUB_PPAP-TUB_PPAPs` FOREIGN KEY (`FK_PPAP_Number`) REFERENCES `tubes_ppap` (`PPAP_Number`)
) ENGINE=InnoDB AUTO_INCREMENT=94 DEFAULT CHARSET=utf8mb4 COLLATE=utf8mb4_0900_ai_ci;

-- Dumping data for table eurotechdb.tubes_ppaps: ~50 rows (approximately)
INSERT INTO `tubes_ppaps` (`TUB_PPAPS_ID`, `FK_PPAP_Number`, `PPAP_Req_by_Cus_Date`, `Current_Status`, `Rev`, `IMDS_Number`, `IMDS_Status`, `PPAP_docs`, `Level`, `Samples_Status`, `Reason_submission`, `Sent_Customer`, `PSW_Returned`, `Origin_from_report`, `Comments`, `Inspection_rep_numb`) VALUES
	(4, 'PP00026-01', '2025-07-14', 'Approved 2025', '73', '1188884297 / 3', NULL, '8-Jul-24', '1', 'n/a', 'Annual Validation', '2025-08-11', '2025-08-12', NULL, NULL, '#N/A'),
	(5, 'PP00026-01', '2024-06-18', 'Approved 2024', '62', '1188884584 / 2', NULL, '8-Jul-24', '1', 'n/a', 'Annual Validation', '2024-08-12', '2024-08-23', NULL, NULL, '#N/A'),
	(6, 'PP00045-03', '2025-07-16', 'PSW Pending Approve', '34', '1313989235 / 2', '0', '22-Mar-24', '4', 'requested', 'Initial Submission', '2025-08-13', NULL, NULL, NULL, NULL),
	(7, 'PP00024-27', '2025-08-28', 'PPAP requested to ETC', NULL, NULL, 'received', NULL, '3', 'requested', 'Initial Submission', NULL, NULL, NULL, NULL, '#N/A'),
	(8, 'PP00025-01', '2025-03-06', 'PSW Pending Approve', '39', '1285136462 / 1', 'ok', NULL, '1', 'requested', 'Annual Validation', '2025-04-01', NULL, NULL, NULL, '#N/A'),
	(9, 'PP00025-01', '2023-09-28', 'Approved 2023', '39', '1285136462', NULL, 'ok', '1', NULL, 'Annual Validation', '2023-11-22', '2023-12-14', NULL, NULL, '#N/A'),
	(10, 'PP00024-03', '2023-01-13', 'Approved 2023', NULL, NULL, NULL, NULL, '2', NULL, 'Initial Submission', '2023-01-13', '2023-01-25', NULL, NULL, '#N/A'),
	(11, 'PP00024-03', '2024-01-25', 'PSW Pending Approve', '57', '1187233533', NULL, 'ok', '1', 'n/a', 'Annual Validation', '2024-02-16', NULL, NULL, NULL, '#N/A'),
	(12, 'PP00024-04', '2023-05-03', 'PSW Pending Approve', NULL, '1230873815', NULL, NULL, '2', NULL, 'Initial Submission', '2023-06-14', NULL, NULL, NULL, NULL),
	(13, 'PP00024-05', '2023-05-03', 'PSW Pending Approve', NULL, '1230874098', NULL, NULL, '2', NULL, 'Initial Submission', '2023-06-14', NULL, NULL, NULL, NULL),
	(14, 'PP00026-01', '2022-11-21', 'Approved 2023', NULL, '1188884297/2', NULL, NULL, '2', NULL, 'Initial Submission', '2023-01-17', '2023-02-27', NULL, NULL, NULL),
	(15, 'PP00061-11', '2025-05-16', 'PPAP ready to be sent to customer', '71', '1429983779 / 1', NULL, NULL, '4', 'n/a', 'Initial Submission', '2025-07-16', NULL, '**', NULL, NULL),
	(16, 'PP00061-12', '2025-06-13', 'Approved 2025', '20', '1425408416 / 1', NULL, '6-Jun-24', '4', 'requested', 'Initial Submission', '2025-06-17', '2025-07-02', NULL, NULL, '#N/A'),
	(17, 'PP00062-01', '2024-07-20', 'PSW Pending Approve', '63', '1349615142 / 1', 'SUBMITED', '15-Aug-24', '4', 'requested', 'Initial Submission', '2024-10-09', NULL, NULL, NULL, '#N/A'),
	(18, 'PP00062-02', '2024-07-20', 'PSW Pending Approve', '63', '1349615309 / 1', 'SUBMITED', '19-Jul-24', '4', 'requested', 'Initial Submission', '2024-10-09', NULL, NULL, NULL, '#N/A'),
	(19, 'PP00067-12', '2025-01-17', 'PSW Pending Approve', '5', '1394585216 / 1', NULL, NULL, '4', 'requested', 'Initial Submission', '2025-02-19', NULL, NULL, NULL, '#N/A'),
	(20, 'PP00067-13', '2025-01-17', 'Approved 2025', '30', '1388020665 / 1', NULL, '45680', '4', 'requested', 'Initial Submission', '2025-01-28', '2025-04-03', NULL, NULL, '#N/A'),
	(21, 'PP00067-14', '2025-01-17', 'PSW Pending Approve', '30', '1388371797 / 1', NULL, '23-Jan-25', '4', 'requested', 'Initial Submission', '2025-01-28', NULL, NULL, NULL, '#N/A'),
	(22, 'PP00067-15', '2025-01-17', 'Approved 2025', '30', '1388373582 / 1', NULL, '45680', '4', 'requested', 'Initial Submission', '2025-01-28', '2025-04-03', NULL, NULL, '#N/A'),
	(23, 'PP00067-16', '2025-01-17', 'Approved 2025', '30', '1388376764 / 1', NULL, '45680', '4', 'requested', 'Initial Submission', '2025-01-28', '2025-04-03', NULL, NULL, '#N/A'),
	(24, 'PP00012-01', '2023-09-21', 'PSW Pending Approve', '34', '1076153443 / 2', NULL, NULL, '4', NULL, 'Annual Validation', '2023-11-21', NULL, NULL, NULL, '#N/A'),
	(25, 'PP00012-01', '2024-09-06', 'PSW Pending Approve', '45', '1076153443 / 2', NULL, '9-Sep-24', '2', 'n/a', 'Annual Validation', '2024-10-03', NULL, NULL, NULL, '#N/A'),
	(26, 'PP00012-02', '2005-07-12', 'PSW Pending Approve', NULL, NULL, NULL, NULL, '2', NULL, 'Initial Submission', '2021-11-29', NULL, NULL, NULL, NULL),
	(27, 'PP00012-02', '2005-07-14', 'PSW Pending Approve', NULL, NULL, NULL, NULL, '2', NULL, 'Initial Submission', '2021-11-29', NULL, NULL, NULL, NULL),
	(28, 'PP00012-03', '2005-07-13', 'PSW Pending Approve', NULL, NULL, NULL, NULL, '2', NULL, 'Initial Submission', '2021-11-29', NULL, NULL, NULL, NULL),
	(29, 'PP00012-03', '2005-07-14', 'PSW Pending Approve', NULL, NULL, NULL, NULL, '2', NULL, 'Initial Submission', '2021-11-29', NULL, NULL, NULL, NULL),
	(30, 'PP00012-03', '2023-04-19', 'PSW Pending Approve', NULL, '1076160554/2', NULL, NULL, '2', NULL, 'Annual Validation', '2023-05-23', NULL, NULL, NULL, NULL),
	(31, 'PP00012-03', '2024-10-11', 'PSW Pending Approve', '45', '1076160554 / 2', NULL, NULL, '4', 'n/a', 'Annual Validation', '2024-11-12', NULL, NULL, NULL, '#N/A'),
	(32, 'PP00012-04', '2025-08-04', 'PSW requested to UPM', NULL, NULL, NULL, NULL, '4', 'requested', 'Initial Submission', NULL, NULL, '**', NULL, NULL),
	(33, 'PP00012-05', '2025-08-04', 'PPAP received, pending to review files', NULL, NULL, NULL, NULL, '4', 'requested', 'Initial Submission', NULL, NULL, '**', 'Requested by customer', NULL),
	(34, 'PP00014-01', '2005-07-14', 'Approved 2022', NULL, NULL, NULL, NULL, '2', NULL, 'Initial Submission', '2022-07-29', '2022-08-22', NULL, NULL, NULL),
	(35, 'PP00015-1', '2005-07-13', 'PSW Pending Approve', NULL, NULL, NULL, NULL, '1', NULL, 'Initial Submission', '2022-03-17', NULL, NULL, NULL, NULL),
	(36, 'PP00015-1', '2005-07-14', 'Approved 2022', NULL, NULL, NULL, NULL, '1', NULL, 'Initial Submission', '2022-03-17', '2022-08-03', NULL, NULL, NULL),
	(37, 'PP00016-1', '2005-07-14', 'Approved 2022', NULL, NULL, NULL, NULL, '2', NULL, 'Initial Submission', '2022-05-12', '2022-06-08', NULL, NULL, NULL),
	(38, 'PP00016-2', '2005-07-14', 'Approved 2022', NULL, NULL, NULL, NULL, '2', NULL, 'Initial Submission', '2022-05-12', '2022-06-01', NULL, NULL, NULL),
	(39, 'PP00016-3', '2005-07-14', 'Approved 2022', NULL, NULL, NULL, NULL, '2', NULL, 'Initial Submission', '2022-05-12', '2022-05-19', NULL, NULL, NULL),
	(40, 'PP00017-1', '2005-07-14', 'PSW Pending Approve', NULL, NULL, NULL, NULL, '2', NULL, 'Annual Validation', '2022-05-12', NULL, NULL, NULL, NULL),
	(41, 'PP00017-2', '2005-07-14', 'Approved 2022', NULL, NULL, NULL, NULL, '2', NULL, 'Annual Validation', '2022-07-04', '2022-07-06', NULL, NULL, NULL),
	(42, 'PP00019-02', '2025-06-30', 'Approved 2025', NULL, '1432978980 / 1', NULL, NULL, '4', 'n/a', 'Initial Submission', '2025-07-18', '2025-07-22', '**', NULL, '#N/A'),
	(43, 'PP00019-03', '2025-06-30', 'Approved 2025', NULL, NULL, NULL, NULL, '4', 'n/a', 'Initial Submission', '2025-07-18', '2025-07-22', '**', NULL, '#N/A'),
	(44, 'PP00019-04', '2025-06-30', 'Approved 2025', NULL, NULL, NULL, NULL, '4', 'n/a', 'Initial Submission', '2025-07-18', '2025-07-22', '**', NULL, '#N/A'),
	(45, 'PP00024-01', '2005-07-14', 'Approved 2022', NULL, NULL, NULL, NULL, '2', NULL, 'Initial Submission', '2022-12-01', '2022-12-20', NULL, NULL, NULL),
	(46, 'PP00024-01', '2022-12-01', 'Approved 2022', NULL, NULL, NULL, NULL, '2', NULL, 'Initial Submission', '2022-12-01', '2022-12-20', NULL, NULL, NULL),
	(47, 'PP00024-01', '2023-12-20', 'PSW Pending Approve', '14', '1173706697', NULL, 'ok', '1', 'n/a', 'Annual Validation', '2024-01-30', NULL, NULL, NULL, '#N/A'),
	(48, 'PP00024-02', '2023-01-13', 'Approved 2023', NULL, NULL, NULL, NULL, '2', NULL, 'Initial Submission', '2023-01-13', '2023-01-17', NULL, NULL, '#N/A'),
	(49, 'PP00024-02', '2024-01-17', 'PSW Pending Approve', '12', '1177309185', NULL, 'ok', '1', 'n/a', 'Annual Validation', '2024-03-12', NULL, NULL, NULL, '#N/A'),
	(50, 'PP00024-09', '2023-05-03', 'PSW Pending Approve', NULL, '1201418073', NULL, NULL, '2', NULL, 'Initial Submission', '2023-05-24', NULL, NULL, NULL, '#N/A'),
	(51, 'PP00024-09', '2025-06-10', 'PSW Pending Approve', '70', '1201418073 / 1', NULL, NULL, '3', 'n/a', 'Annual Validation', '2025-06-27', NULL, NULL, NULL, '#N/A'),
	(52, 'PP00024-10', '2023-05-03', 'PSW Pending Approve', NULL, '1214709577', NULL, NULL, '2', NULL, 'Initial Submission', '2023-05-23', NULL, NULL, NULL, '#N/A'),
	(53, 'PP00024-10', '2025-06-10', 'PSW Pending Approve', '70', '1214709577 / 1', NULL, NULL, '3', 'n/a', 'Annual Validation', '2025-06-27', NULL, NULL, NULL, '#N/A');

-- Dumping structure for table eurotechdb.users
CREATE TABLE IF NOT EXISTS `users` (
  `ID` int NOT NULL AUTO_INCREMENT,
  `Username` varchar(30) NOT NULL,
  `Password` varchar(25) NOT NULL,
  `Role` varchar(13) DEFAULT NULL,
  PRIMARY KEY (`ID`),
  UNIQUE KEY `Username` (`Username`)
) ENGINE=InnoDB AUTO_INCREMENT=6 DEFAULT CHARSET=utf8mb4 COLLATE=utf8mb4_0900_ai_ci;

-- Dumping data for table eurotechdb.users: ~2 rows (approximately)
INSERT INTO `users` (`ID`, `Username`, `Password`, `Role`) VALUES
	(1, 'Admin', 'admin', 'Administrator'),
	(2, 'Santiago', 'santi', 'User');

-- Dumping structure for table eurotechdb.vendors
CREATE TABLE IF NOT EXISTS `vendors` (
  `Vendor_ID` varchar(10) NOT NULL,
  `Name` varchar(70) CHARACTER SET utf8mb4 COLLATE utf8mb4_0900_ai_ci NOT NULL,
  `Short_name` varchar(20) CHARACTER SET utf8mb4 COLLATE utf8mb4_0900_ai_ci NOT NULL,
  PRIMARY KEY (`Vendor_ID`),
  UNIQUE KEY `Name` (`Name`),
  UNIQUE KEY `Short_name` (`Short_name`)
) ENGINE=InnoDB DEFAULT CHARSET=utf8mb4 COLLATE=utf8mb4_0900_ai_ci;

-- Dumping data for table eurotechdb.vendors: ~4 rows (approximately)
INSERT INTO `vendors` (`Vendor_ID`, `Name`, `Short_name`) VALUES
	('VEN001', 'ETC', 'ETC'),
	('VEN002', 'KTG', 'KTG'),
	('VEN003', 'Toagosei', 'TGA'),
	('VEN238', 'Union Polymer Material CO.,LTD', 'UPM');

/*!40103 SET TIME_ZONE=IFNULL(@OLD_TIME_ZONE, 'system') */;
/*!40101 SET SQL_MODE=IFNULL(@OLD_SQL_MODE, '') */;
/*!40014 SET FOREIGN_KEY_CHECKS=IFNULL(@OLD_FOREIGN_KEY_CHECKS, 1) */;
/*!40101 SET CHARACTER_SET_CLIENT=@OLD_CHARACTER_SET_CLIENT */;
/*!40111 SET SQL_NOTES=IFNULL(@OLD_SQL_NOTES, 1) */;
