-- --------------------------------------------------------
-- Host:                         127.0.0.1
-- Server version:               8.4.3 - MySQL Community Server - GPL
-- Server OS:                    Win64
-- HeidiSQL Version:             12.8.0.6908
-- --------------------------------------------------------

/*!40101 SET @OLD_CHARACTER_SET_CLIENT=@@CHARACTER_SET_CLIENT */;
/*!40101 SET NAMES utf8 */;
/*!50503 SET NAMES utf8mb4 */;
/*!40103 SET @OLD_TIME_ZONE=@@TIME_ZONE */;
/*!40103 SET TIME_ZONE='+00:00' */;
/*!40014 SET @OLD_FOREIGN_KEY_CHECKS=@@FOREIGN_KEY_CHECKS, FOREIGN_KEY_CHECKS=0 */;
/*!40101 SET @OLD_SQL_MODE=@@SQL_MODE, SQL_MODE='NO_AUTO_VALUE_ON_ZERO' */;
/*!40111 SET @OLD_SQL_NOTES=@@SQL_NOTES, SQL_NOTES=0 */;


-- Dumping database structure for eurotechdb
CREATE DATABASE IF NOT EXISTS `eurotechdb` /*!40100 DEFAULT CHARACTER SET utf8mb4 COLLATE utf8mb4_0900_ai_ci */ /*!80016 DEFAULT ENCRYPTION='N' */;
USE `eurotechdb`;

-- Dumping structure for table eurotechdb.customers
CREATE TABLE IF NOT EXISTS `customers` (
  `Customer_ID` varchar(10) CHARACTER SET utf8mb4 COLLATE utf8mb4_0900_ai_ci NOT NULL,
  `Name` varchar(70) NOT NULL,
  `Products` tinytext CHARACTER SET utf8mb4 COLLATE utf8mb4_0900_ai_ci NOT NULL,
  `IMDS_ID_no` varchar(8) DEFAULT NULL,
  PRIMARY KEY (`Customer_ID`) USING BTREE,
  UNIQUE KEY `Name` (`Name`),
  UNIQUE KEY `IMDS_ID_no` (`IMDS_ID_no`)
) ENGINE=InnoDB DEFAULT CHARSET=utf8mb4 COLLATE=utf8mb4_0900_ai_ci;

-- Dumping data for table eurotechdb.customers: ~76 rows (approximately)
INSERT INTO `customers` (`Customer_ID`, `Name`, `Products`, `IMDS_ID_no`) VALUES
	('CUS002', 'PKC (Motherson)', 'Cables', NULL),
	('CUS003', 'MSSL', 'Cables, Tubes', NULL),
	('CUS004', 'Amphenol FCI/TCS', 'Tapes', '48001'),
	('CUS005', 'Amphenol ICA (Integrated Cable Assembly)', 'Tapes', NULL),
	('CUS006', 'AutoKabel of North America', 'Tapes, Tubes', '645'),
	('CUS007', 'Bizlink (Productos Excel de Mexico)', 'Tapes, Tubes', '40429'),
	('CUS008', 'CVG (Commercial Vehicle Group)', 'Cables, Tapes, Tubes', '132984'),
	('CUS009', 'Flextronics', 'Tapes', '21733'),
	('CUS010', 'GG Cables & Wires', 'Tapes', '17916'),
	('CUS011', 'Julian Electric', 'Tapes', '23248'),
	('CUS012', 'Kalas Manufacturing', 'Tapes', '9478'),
	('CUS013', 'SEWS (Sumitomo Electric Wiring Systems)', 'Tapes, Tubes', '56697'),
	('CUS014', 'St. Clair Technologies', 'Tapes', '20724'),
	('CUS015', 'Textape', 'Tapes', '46412'),
	('CUS017', 'CEMM', 'Tubes', NULL),
	('CUS018', 'ECI', 'Tubes', NULL),
	('CUS019', 'Lear', 'Tubes', NULL),
	('CUS020', 'Lear EU', 'Tubes', NULL),
	('CUS021', 'Meissner', 'Tubes', NULL),
	('CUS022', 'Nexans', 'Tubes', NULL),
	('CUS023', 'Senko', 'Tubes', NULL),
	('CUS025', 'Tenneco', 'Tubes', NULL),
	('CUS026', 'Yazaki', 'Tubes', NULL),
	('CUS027', 'ACS', 'Tubes', NULL),
	('CUS028', 'Angstrom', 'Tubes', NULL),
	('CUS029', 'Aptiv', 'Tubes', NULL),
	('CUS030', 'AQ Wiring Systems UAB', 'Tubes', NULL),
	('CUS031', 'Brose', 'Tubes', NULL),
	('CUS032', 'COFAT', 'Tubes', NULL),
	('CUS033', 'Condumex', 'Tubes', NULL),
	('CUS034', 'Cooper Standard', 'Tapes', NULL),
	('CUS035', 'CTS', 'Tapes', NULL),
	('CUS036', 'Curt Group', 'Tapes', NULL),
	('CUS037', 'Dortec Industries', 'Tapes', NULL),
	('CUS038', 'Draexlmaier', 'Tubes', NULL),
	('CUS039', 'E&K', 'Tapes', NULL),
	('CUS040', 'EDS Manufacturing', 'Tubes', NULL),
	('CUS041', 'Empire Electronics', 'Tapes', NULL),
	('CUS042', 'Erich Jaeger', 'Tapes', NULL),
	('CUS043', 'Falcon Lakeside', 'Tapes', NULL),
	('CUS044', 'Ficosa', 'Tubes', NULL),
	('CUS045', 'Flextronics AGM', 'Tubes', NULL),
	('CUS046', 'Fraenkishe', 'Tapes', NULL),
	('CUS047', 'Gentherm', 'Tubes', NULL),
	('CUS048', 'Hesto', 'Tubes', NULL),
	('CUS049', 'Huf', 'Tapes', NULL),
	('CUS050', 'Hutchinson', 'Tapes', NULL),
	('CUS051', 'Intercable', 'Tubes', NULL),
	('CUS052', 'Intercomp', 'Tapes', NULL),
	('CUS053', 'Kent Manufacturing', 'Tapes', NULL),
	('CUS054', 'Kongsberg', 'Tapes', NULL),
	('CUS055', 'Kostal', 'Tubes', NULL),
	('CUS056', 'Leman', 'Tubes', NULL),
	('CUS057', 'Leoni', 'Tubes', NULL),
	('CUS058', 'Lisi Automotive', 'Tapes', NULL),
	('CUS059', 'Littelfuse', 'Tapes', NULL),
	('CUS060', 'Magna', 'Tapes', NULL),
	('CUS061', 'Marian Chicago', 'Tapes', NULL),
	('CUS062', 'Nordex Energy Spain S.A.', 'Tubes', NULL),
	('CUS063', 'Nursan', 'Tubes', NULL),
	('CUS064', 'Packard', 'Tubes', NULL),
	('CUS065', 'Pak-Rite Industries', 'Tapes', NULL),
	('CUS066', 'PKC', 'Tubes', NULL),
	('CUS067', 'Prettl', 'Tapes', NULL),
	('CUS068', 'Prysmian', 'Tubes', NULL),
	('CUS069', 'Rosenberger', 'Tapes', NULL),
	('CUS070', 'Roush', 'Tapes', NULL),
	('CUS071', 'Sensiense', 'Tubes', NULL),
	('CUS072', 'Telamon', 'Tapes', NULL),
	('CUS073', 'Thai Summit Harness', 'Tubes', NULL),
	('CUS074', 'Tristone', 'Tapes', NULL),
	('CUS075', 'Voltaira', 'Tubes', NULL),
	('CUS076', 'WeWire', 'Tubes', NULL),
	('CUS077', 'Wiric Corporation', 'Tapes', NULL),
	('CUS078', 'Yazaki Europe', 'Tubes', NULL),
	('CUS1004', 'ClientePrueba', 'BluSeal', NULL);

-- Dumping structure for table eurotechdb.customer_pn
CREATE TABLE IF NOT EXISTS `customer_pn` (
  `Customer_PN` varchar(30) NOT NULL,
  `FK_Customer_ID` varchar(10) NOT NULL,
  `FK_Eurotech_PN` varchar(30) NOT NULL,
  PRIMARY KEY (`Customer_PN`),
  KEY `FK1_Customers-Customer_PN` (`FK_Customer_ID`),
  KEY `FK2_Products-Customer_PN` (`FK_Eurotech_PN`),
  CONSTRAINT `FK1_Customers-Customer_PN` FOREIGN KEY (`FK_Customer_ID`) REFERENCES `customers` (`Customer_ID`),
  CONSTRAINT `FK2_Products-Customer_PN` FOREIGN KEY (`FK_Eurotech_PN`) REFERENCES `products` (`Eurotech_PN`)
) ENGINE=InnoDB DEFAULT CHARSET=utf8mb4 COLLATE=utf8mb4_0900_ai_ci;

-- Dumping data for table eurotechdb.customer_pn: ~96 rows (approximately)
INSERT INTO `customer_pn` (`Customer_PN`, `FK_Customer_ID`, `FK_Eurotech_PN`) VALUES
	('10035139', 'CUS075', '8310SE-19-25-BLK'),
	('10164237-001', 'CUS004', '839-19-25-BLK'),
	('10173694-001', 'CUS004', '837X-19-25-ORG'),
	('10173843-001', 'CUS004', '837X-19-25-BLK'),
	('108250', 'CUS010', '880-19-15-BLK'),
	('110010645A', 'CUS034', '837X-38-25-BLK'),
	('122G0-001488-01', 'CUS007', '837X-25-25-BLK'),
	('122G0-001639-01', 'CUS007', '8575X-19-5-BLK'),
	('122G0-004059-01', 'CUS007', '317-9-33-WHT'),
	('122GO-002704-01', 'CUS007', '834MPX-19-5-BLK'),
	('12345', 'CUS1004', 'ET008-50'),
	('130851', 'CUS008', '8575X-19-5-BLK'),
	('131646', 'CUS008', '837X-38-25-BLK'),
	('138950', 'CUS008', '832MPX-19-15-BLK'),
	('146820', 'CUS008', '8555X-19-20-BLK'),
	('149607', 'CUS008', '837XRT-35-10-BLK-RT'),
	('162844', 'CUS010', '832MPX-19-15-BLK'),
	('163497', 'CUS008', 'P500000'),
	('198217', 'CUS010', '837XRT-35-10-BLK-RT'),
	('2195', 'CUS012', '837X-19-25-GRY'),
	('2196', 'CUS012', '838X-19-66-GRY'),
	('24029-06-01', 'CUS059', '8551-19-25-BLK'),
	('40002226', 'CUS013', '833MPX-19-5-BLK'),
	('40002433', 'CUS013', '837X-19-25-ORG'),
	('40002497', 'CUS013', '651MSX-19-33-ORG'),
	('40002498', 'CUS013', '651MSX-25-33-ORG'),
	('40021714', 'CUS013', '8551-19-25-BLK'),
	('40021743', 'CUS013', '8515X-19-10-BLK'),
	('40021778', 'CUS013', '835X-19-25-BLK'),
	('40021779', 'CUS013', '835X-25-25-BLK'),
	('40021787', 'CUS013', '8510-19-10-BLK'),
	('40021804', 'CUS013', '8551-9-25-BLK'),
	('40021815', 'CUS013', '835X-9-25-BLK'),
	('40021836', 'CUS013', '835-19-25-BLK'),
	('40021860', 'CUS013', '832MPX-19-15-BLK'),
	('40021861', 'CUS013', '834MPX-19-5-BLK'),
	('40193540', 'CUS013', '505-19-25-BLK'),
	('40194876', 'CUS013', 'CP-TKB0924 / 837X-5mm-25mm-ORG'),
	('40194891', 'CUS013', '512-19-25-BLK'),
	('48254', 'CUS006', '8375X-19-25-BLK'),
	('49997', 'CUS006', '839X-19-25-BLK'),
	('57225', 'CUS006', 'P000238'),
	('634421 25 00', 'CUS009', '651MSX-25-20-BLK'),
	('6481451999', 'CUS009', '317-19-33-WHT'),
	('67845381', 'CUS003', 'P500003'),
	('67845382', 'CUS002', 'P500023'),
	('69321134', 'CUS013', 'P000217'),
	('69321135', 'CUS013', 'P000270'),
	('704206 25 33', 'CUS009', '837X-25-25-ORG'),
	('7075971900', 'CUS009', '8375X-19-25-BLK'),
	('7094175930', 'CUS026', 'P000415'),
	('7094176230 Document ID 2552486', 'CUS026', 'P000336'),
	('7094176430 Document ID 2553139', 'CUS026', 'P000360'),
	('7094177130 Document ID 2757177', 'CUS026', 'P000708'),
	('710065 25 00', 'CUS009', '8310SE-25-25-BLK'),
	('71076600', 'CUS009', '1288X-19-25-SLV'),
	('832MPX-RT', 'CUS011', '832MPXRT-35-10-BLK-RT'),
	('8375X-ORANGE', 'CUS041', '8375X-19-25-ORG'),
	('837X 25 BK', 'CUS009', '837X-25-25-BLK'),
	('837X-19-BK', 'CUS009', '837X-19-25-BLK'),
	('837X-19MM', 'CUS005', '837X-19-25-BLK'),
	('95849363', 'CUS022', 'P000677'),
	('95850698', 'CUS022', 'E101710'),
	('95890015', 'CUS022', 'E101707'),
	('99932941', 'CUS023', 'P001080'),
	('99932942', 'CUS023', 'P001081'),
	('99932943', 'CUS023', 'P001085'),
	('99932947', 'CUS023', 'P001078'),
	('99932951', 'CUS023', 'P001083'),
	('ACCOROPLAST838', 'CUS054', '838X-19-66-BLK'),
	('CHT8551BK-354', 'CUS015', '8551-9-25-BLK'),
	('E26424100', 'CUS019', 'P000042'),
	('E26459700', 'CUS019', 'P000043'),
	('E33300300', 'CUS019', 'P000053'),
	('E33301100', 'CUS019', 'P000106'),
	('E34284700', 'CUS019', 'P000121'),
	('E36091300', 'CUS020', 'P000198'),
	('E37679000', 'CUS020', 'P000260'),
	('E38846500', 'CUS020', 'P000269'),
	('E38848500', 'CUS020', 'P000215'),
	('E38923900', 'CUS020', 'P000285'),
	('E38925400', 'CUS020', 'P000286'),
	('E38925800', 'CUS020', 'P000289'),
	('E39339000', 'CUS020', 'P000318'),
	('E55046100', 'CUS020', 'P001153'),
	('GAT001', 'CUS017', 'P000030'),
	('GAT023', 'CUS017', 'P000117'),
	('GAT101', 'CUS017', 'P000116'),
	('GAT125', 'CUS017', 'P000109'),
	('GAT130', 'CUS017', 'P001107'),
	('GAT132', 'CUS017', 'P001117'),
	('HST555P78', 'CUS018', 'P000115'),
	('M1317', 'CUS014', '837X-19-25-BLK'),
	('M1502', 'CUS014', '8550X-19-25-BLK'),
	('M1517', 'CUS014', '837X-38-25-BLK'),
	('ZRM-982381-20', 'CUS025', 'P000110');

-- Dumping structure for table eurotechdb.customer_ppap_number
CREATE TABLE IF NOT EXISTS `customer_ppap_number` (
  `Customer_PPAP_Number` varchar(7) CHARACTER SET utf8mb4 COLLATE utf8mb4_0900_ai_ci NOT NULL,
  `FK_Customer_ID` varchar(10) CHARACTER SET utf8mb4 COLLATE utf8mb4_0900_ai_ci NOT NULL,
  `Country` varchar(30) CHARACTER SET utf8mb4 COLLATE utf8mb4_0900_ai_ci NOT NULL DEFAULT '0',
  PRIMARY KEY (`Customer_PPAP_Number`) USING BTREE,
  KEY `FK1_Customers-TUB_Customer_PPAP_Number` (`FK_Customer_ID`),
  CONSTRAINT `FK1_Customers-TUB_Customer_PPAP_Number` FOREIGN KEY (`FK_Customer_ID`) REFERENCES `customers` (`Customer_ID`)
) ENGINE=InnoDB DEFAULT CHARSET=utf8mb4 COLLATE=utf8mb4_0900_ai_ci;

-- Dumping data for table eurotechdb.customer_ppap_number: ~87 rows (approximately)
INSERT INTO `customer_ppap_number` (`Customer_PPAP_Number`, `FK_Customer_ID`, `Country`) VALUES
	('PP00012', 'CUS017', 'Mexico'),
	('PP00019', 'CUS022', 'Mexico'),
	('PP00023', 'CUS047', 'Germany'),
	('PP00024', 'CUS020', 'EU'),
	('PP00025', 'CUS025', 'Mexico'),
	('PP00026', 'CUS013', 'Mexico'),
	('PP00027', 'CUS066', 'EU'),
	('PP00028', 'CUS019', 'North America'),
	('PP00029', 'CUS028', 'Mexico'),
	('PP00030', 'CUS009', 'Mexico'),
	('PP00031', 'CUS030', 'Europe'),
	('PP00032', 'CUS019', 'South America'),
	('PP00033', 'CUS007', ''),
	('PP00034', 'CUS033', 'Mexico'),
	('PP00035', 'CUS021', 'Germany'),
	('PP00036', 'CUS018', 'Mexico'),
	('PP00037', 'CUS008', 'Mexico'),
	('PP00038', 'CUS068', 'Mexico'),
	('PP00039', 'CUS062', 'Spain'),
	('PP00040', 'CUS066', 'Brazil'),
	('PP00041', 'CUS064', 'Korea'),
	('PP00042', 'CUS029', 'Mexico'),
	('PP00043', 'CUS019', 'France'),
	('PP00044', 'CUS063', 'Germany'),
	('PP00045', 'CUS006', 'Mexico'),
	('PP00046', 'CUS027', ''),
	('PP00047', 'CUS003', 'Mexico'),
	('PP00048', 'CUS055', 'Germany'),
	('PP00049', 'CUS056', 'EU'),
	('PP00050', 'CUS044', 'EU'),
	('PP00051', 'CUS078', 'EU'),
	('PP00052', 'CUS075', 'EU'),
	('PP00053', 'CUS002', 'Mexico'),
	('PP00054', 'CUS076', 'Mexico'),
	('PP00055', 'CUS026', 'Philippines'),
	('PP00056', 'CUS071', 'Mexico'),
	('PP00057', 'CUS051', 'EU'),
	('PP00058', 'CUS032', 'Mexico'),
	('PP00059', 'CUS019', 'Honduras'),
	('PP00060', 'CUS048', 'EU'),
	('PP00061', 'CUS026', 'North America'),
	('PP00062', 'CUS026', 'Brazil'),
	('PP00063', 'CUS029', 'EU'),
	('PP00064', 'CUS075', 'North America'),
	('PP00065', 'CUS031', 'Germany'),
	('PP00066', 'CUS057', 'Mexico'),
	('PP00067', 'CUS023', 'Japan'),
	('PP00068', 'CUS040', 'Mexico'),
	('PP00069', 'CUS038', 'Mexico'),
	('PP00070', 'CUS045', 'Costa Rica'),
	('PP00071', 'CUS073', 'Asia'),
	('PP00072', 'CUS026', 'Europe'),
	('PP00073', 'CUS013', 'Europe'),
	('PP00074', 'CUS018', 'Poland'),
	('PP00075', 'CUS018', 'Spain'),
	('PP00076', 'CUS004', 'Mexico'),
	('PP00077', 'CUS034', 'EU'),
	('PP00078', 'CUS035', 'EU'),
	('PP00079', 'CUS036', 'Mexico'),
	('PP00080', 'CUS037', 'EU'),
	('PP00081', 'CUS039', 'EU'),
	('PP00082', 'CUS041', 'EU'),
	('PP00083', 'CUS042', 'Mexico'),
	('PP00084', 'CUS043', 'EU'),
	('PP00085', 'CUS046', 'EU'),
	('PP00086', 'CUS010', 'Mexico'),
	('PP00087', 'CUS049', 'Mexico'),
	('PP00088', 'CUS050', 'Mexico'),
	('PP00089', 'CUS052', 'EU'),
	('PP00090', 'CUS011', 'Mexico'),
	('PP00091', 'CUS012', 'EU'),
	('PP00092', 'CUS053', 'EU'),
	('PP00093', 'CUS054', 'Mexico'),
	('PP00094', 'CUS058', 'Mexico'),
	('PP00095', 'CUS059', 'Mexico'),
	('PP00096', 'CUS060', 'Mexico'),
	('PP00097', 'CUS061', 'EU'),
	('PP00098', 'CUS065', 'EU'),
	('PP00099', 'CUS067', 'Mexico'),
	('PP00100', 'CUS069', 'Mexico'),
	('PP00101', 'CUS070', 'EU'),
	('PP00102', 'CUS014', 'EU'),
	('PP00103', 'CUS072', 'EU'),
	('PP00104', 'CUS015', 'EU'),
	('PP00105', 'CUS074', 'Mexico'),
	('PP00106', 'CUS077', 'Mexico'),
	('PP90000', 'CUS017', 'Brazil');

-- Dumping structure for table eurotechdb.ppap
CREATE TABLE IF NOT EXISTS `ppap` (
  `PPAP_ID` int NOT NULL AUTO_INCREMENT,
  `FK_Customer_PN` varchar(30) NOT NULL,
  `FK_Vendor_ID` varchar(10) CHARACTER SET utf8mb4 COLLATE utf8mb4_0900_ai_ci DEFAULT NULL,
  `PPAP_Number` varchar(12) DEFAULT NULL,
  `Country` varchar(30) CHARACTER SET utf8mb4 COLLATE utf8mb4_0900_ai_ci DEFAULT NULL,
  `IMDS` varchar(15) CHARACTER SET utf8mb4 COLLATE utf8mb4_0900_ai_ci DEFAULT NULL,
  `PPAP_Request_Date` date DEFAULT NULL,
  `PPAP_Requested_Vendor` date DEFAULT NULL,
  `PPAP_Received_Date` date DEFAULT NULL,
  `PPAP_Sent_Customer` date DEFAULT NULL,
  `PPAP_Signed_Date` date DEFAULT NULL,
  `PPAP_ET` varchar(1) DEFAULT NULL,
  `IMDS_ET` varchar(1) CHARACTER SET utf8mb4 COLLATE utf8mb4_0900_ai_ci DEFAULT NULL,
  `OEM` tinytext CHARACTER SET utf8mb4 COLLATE utf8mb4_0900_ai_ci,
  `PPAP_Level` varchar(1) CHARACTER SET utf8mb4 COLLATE utf8mb4_0900_ai_ci DEFAULT NULL,
  `PPAP_From_Shipments` varchar(1) CHARACTER SET utf8mb4 COLLATE utf8mb4_0900_ai_ci DEFAULT NULL,
  `Current_Status` tinytext CHARACTER SET utf8mb4 COLLATE utf8mb4_0900_ai_ci,
  `Rev` varchar(5) CHARACTER SET utf8mb4 COLLATE utf8mb4_0900_ai_ci DEFAULT NULL,
  `Samples_Status` varchar(20) CHARACTER SET utf8mb4 COLLATE utf8mb4_0900_ai_ci DEFAULT NULL,
  `Reason_Submission` varchar(20) CHARACTER SET utf8mb4 COLLATE utf8mb4_0900_ai_ci DEFAULT NULL,
  `Inspection_Rep_Number` varchar(10) CHARACTER SET utf8mb4 COLLATE utf8mb4_0900_ai_ci DEFAULT NULL,
  `Comments` tinytext CHARACTER SET utf8mb4 COLLATE utf8mb4_0900_ai_ci,
  PRIMARY KEY (`PPAP_ID`),
  KEY `FK1_Customer_PN-PPAP` (`FK_Customer_PN`),
  KEY `FK2_Vendors-PPAP` (`FK_Vendor_ID`),
  CONSTRAINT `FK1_Customer_PN-PPAP` FOREIGN KEY (`FK_Customer_PN`) REFERENCES `customer_pn` (`Customer_PN`),
  CONSTRAINT `FK_ppap_vendors` FOREIGN KEY (`FK_Vendor_ID`) REFERENCES `vendors` (`Vendor_ID`)
) ENGINE=InnoDB DEFAULT CHARSET=utf8mb4 COLLATE=utf8mb4_0900_ai_ci;

-- Dumping data for table eurotechdb.ppap: ~19 rows (approximately)
INSERT INTO `ppap` (`PPAP_ID`, `FK_Customer_PN`, `FK_Vendor_ID`, `PPAP_Number`, `Country`, `IMDS`, `PPAP_Request_Date`, `PPAP_Requested_Vendor`, `PPAP_Received_Date`, `PPAP_Sent_Customer`, `PPAP_Signed_Date`, `PPAP_ET`, `IMDS_ET`, `OEM`, `PPAP_Level`, `PPAP_From_Shipments`, `Current_Status`, `Rev`, `Samples_Status`, `Reason_Submission`, `Inspection_Rep_Number`, `Comments`) VALUES
	(1, 'ACCOROPLAST838', 'VEN027', NULL, NULL, '188887', '2025-11-10', NULL, NULL, NULL, NULL, NULL, NULL, NULL, '4', NULL, NULL, NULL, NULL, NULL, NULL, NULL),
	(2, '40193540', 'VEN027', 'PP00026-0001', 'Mexico', '56697', '2025-10-23', '2025-08-24', '2025-08-29', '2025-08-29', NULL, NULL, NULL, 'Stelliantis', '4', NULL, NULL, NULL, NULL, NULL, NULL, NULL),
	(3, '40193540', 'VEN027', 'PP00026-0001', 'Mexico', '56697', '2026-06-29', NULL, NULL, NULL, NULL, NULL, NULL, 'Stelliantis', '4', NULL, NULL, NULL, NULL, 'Renewal', NULL, NULL),
	(4, '40021836', 'VEN027', NULL, 'EU', '56697', '2025-09-16', NULL, '2025-09-26', '2025-09-26', '2025-10-22', NULL, NULL, 'Ford', '4', NULL, NULL, NULL, NULL, NULL, NULL, NULL),
	(5, '40021836', 'VEN027', NULL, 'EU', '56697', '2026-07-26', NULL, NULL, NULL, NULL, NULL, NULL, 'Ford', '4', NULL, NULL, NULL, NULL, 'Renewal', NULL, NULL),
	(6, '40021787', 'VEN027', 'PP00026-0002', 'Mexico', '56697', '2025-08-06', '2025-06-07', '2025-09-26', '2025-09-26', '2025-10-22', NULL, NULL, 'Ford', '2', NULL, NULL, NULL, NULL, NULL, NULL, NULL),
	(7, '40021787', 'VEN027', 'PP00026-0002', 'Mexico', '56697', '2026-07-26', NULL, NULL, NULL, NULL, NULL, NULL, 'Ford', '2', NULL, NULL, NULL, NULL, 'Renewal', NULL, NULL),
	(8, '704206 25 33', 'VEN027', 'PP00030-0027', 'Mexico', '21733', '2025-09-12', '2025-07-14', '2025-09-30', '2025-09-30', NULL, NULL, NULL, NULL, '4', NULL, NULL, NULL, NULL, NULL, NULL, NULL),
	(9, '704206 25 33', 'VEN027', 'PP00030-0027', 'EU', '21733', '2026-07-30', NULL, NULL, NULL, NULL, NULL, NULL, NULL, '4', NULL, NULL, NULL, NULL, 'Renewal', NULL, NULL),
	(10, '10035139', 'VEN027', 'PP00064-0003', 'Mexico', '260156', '2025-10-24', '2025-08-25', '2025-09-26', '2025-09-26', NULL, NULL, NULL, 'GM', '2', NULL, NULL, NULL, NULL, NULL, NULL, NULL),
	(11, '10035139', 'VEN027', 'PP00064-0003', 'Mexico', '260156', '2026-07-26', NULL, NULL, NULL, NULL, NULL, NULL, 'GM', '2', NULL, NULL, NULL, NULL, 'Renewal', NULL, NULL),
	(12, '8375X-ORANGE', 'VEN027', 'PP00082-0005', 'EU', '6345', '2025-11-12', '2025-09-13', '2025-09-26', '2025-09-26', NULL, NULL, NULL, 'GM', '4', NULL, NULL, NULL, NULL, NULL, NULL, NULL),
	(13, '8375X-ORANGE', 'VEN027', 'PP00082-0005', 'EU', '6345', '2026-07-26', NULL, NULL, NULL, NULL, NULL, NULL, 'GM', '4', NULL, NULL, NULL, NULL, 'Renewal', NULL, NULL),
	(14, '110010645A', 'VEN027', 'PP00077-0001', 'EU', '63372', '2025-10-28', '2025-08-29', '2025-09-26', '2025-09-26', NULL, NULL, NULL, NULL, '4', NULL, NULL, NULL, NULL, NULL, NULL, NULL),
	(15, '110010645A', 'VEN027', 'PP00077-0001', 'EU', '63372', '2026-07-26', NULL, NULL, NULL, NULL, NULL, NULL, NULL, '4', NULL, NULL, NULL, NULL, 'Renewal', NULL, NULL),
	(16, 'M1502', 'VEN027', 'PP00102-0005', 'EU', '20724', '2025-10-30', '2025-08-31', '2025-09-26', '2025-09-26', NULL, NULL, NULL, 'FCA', '4', NULL, NULL, NULL, NULL, NULL, NULL, NULL),
	(17, 'M1502', 'VEN027', 'PP00102-0005', 'EU', '20724', '2026-07-26', NULL, NULL, NULL, NULL, NULL, NULL, 'FCA', '4', NULL, NULL, NULL, NULL, 'Renewal', NULL, NULL),
	(18, '24029-06-01', 'VEN027', 'PP00095-0001', 'Mexico', '2426', '2025-10-05', '2025-08-06', '2025-09-26', '2025-09-26', NULL, NULL, NULL, 'Tesla', '4', NULL, NULL, NULL, NULL, NULL, NULL, NULL),
	(19, '24029-06-01', 'VEN027', 'PP00095-0001', 'Mexico', '2426', '2026-07-26', NULL, NULL, NULL, NULL, NULL, NULL, 'Tesla', '4', NULL, NULL, NULL, NULL, 'Renewal', NULL, NULL);

-- Dumping structure for table eurotechdb.products
CREATE TABLE IF NOT EXISTS `products` (
  `Eurotech_PN` varchar(30) NOT NULL,
  `Description` tinytext NOT NULL,
  `Supplier` varchar(10) CHARACTER SET utf8mb4 COLLATE utf8mb4_0900_ai_ci DEFAULT NULL,
  `Supplier_PN` varchar(12) CHARACTER SET utf8mb4 COLLATE utf8mb4_0900_ai_ci DEFAULT NULL,
  `Tape` varchar(25) DEFAULT NULL,
  `Width` varchar(8) DEFAULT NULL,
  `Length` varchar(8) DEFAULT NULL,
  `Color` varchar(8) DEFAULT NULL,
  `ET_Model` varchar(10) DEFAULT NULL,
  `ET_Dwg` varchar(8) CHARACTER SET utf8mb4 COLLATE utf8mb4_0900_ai_ci DEFAULT NULL,
  `Product` varchar(7) NOT NULL,
  PRIMARY KEY (`Eurotech_PN`),
  UNIQUE KEY `Supplier_PN` (`Supplier_PN`),
  KEY `FK1_Vendors-Products` (`Supplier`),
  CONSTRAINT `FK1_Vendors-Products` FOREIGN KEY (`Supplier`) REFERENCES `vendors` (`Vendor_ID`)
) ENGINE=InnoDB DEFAULT CHARSET=utf8mb4 COLLATE=utf8mb4_0900_ai_ci;

-- Dumping data for table eurotechdb.products: ~124 rows (approximately)
INSERT INTO `products` (`Eurotech_PN`, `Description`, `Supplier`, `Supplier_PN`, `Tape`, `Width`, `Length`, `Color`, `ET_Model`, `ET_Dwg`, `Product`) VALUES
	('1288X-19-25-SLV', 'Coroplast 1288X special Laminate aluminum/PET-cloth Tape 19MM x 25M', 'VEN027', '205138', '1288X', '19', '25', 'SLV', NULL, NULL, 'Tape'),
	('317-19-33-WHT', 'Coroplast 317 PVC Tape WHITE 19MM x 33M ', 'VEN027', '156317', '317', '19', '33', 'WHT', NULL, NULL, 'Tape'),
	('317-9-33-WHT', 'Coroplast 317 PVC Tape WHITE 9MM x 33M ', 'VEN027', '179029', '317', '9', '33', 'WHT', NULL, NULL, 'Tape'),
	('505-19-25-BLK', 'Coroplast 505 Modified PP-film tape BLACK 19MM x 25M', 'VEN027', '174104', '505', '19', '25', 'BLK', NULL, NULL, 'Tape'),
	('512-19-25-BLK', 'Coroplast 512 Modified PP-film tape BLACK 19MM x 25M', 'VEN027', '173540', '512', '19', '25', 'BLK', NULL, NULL, 'Tape'),
	('651MSX-19-33-ORG', 'Coroplast 651MSX PVC tape ORANGE 19MM x 33M', 'VEN027', '191015', '651MSX', '19', '33', 'ORG', NULL, NULL, 'Tape'),
	('651MSX-25-20-BLK', 'Coroplast 651MSX PVC tape BLACK 25MM x 20M', 'VEN027', '184244', '651MSX', '25', '20', 'BLK', NULL, NULL, 'Tape'),
	('651MSX-25-33-ORG', 'Coroplast 651MSX PVC Tape ORANGE 25MM x 33M', 'VEN027', '235687', '651MSX', '25', '33', 'ORG', NULL, NULL, 'Tape'),
	('8310SE-19-25-BLK', 'Coroplast 8310 SE PET-Cloth Woven Tape BLACK 19MM x 25M', 'VEN027', '156030', '8310SE', '19', '25', 'BLK', NULL, NULL, 'Tape'),
	('8310SE-25-25-BLK', 'Coroplast 8310 SE PET-Cloth Woven Tape BLACK 25MM x 25M', 'VEN027', '183452', '8310SE', '25', '25', 'BLK', NULL, NULL, 'Tape'),
	('832MPX-19-15-BLK', 'Coroplast 832 MPX PA-cloth BLACK Tape 19MM x 15M', 'VEN027', '174352', '832MPX', '19', '15', 'BLK', NULL, NULL, 'Tape'),
	('832MPXRT-35-10-BLK-RT', 'Coroplast 832 MPX RT PET-Cloth woven Tape BLACK 35MM x 10M reverse taping', 'VEN027', '164194', '832MPXRT', '35', '10', 'BLK-RT', NULL, NULL, 'Tape'),
	('833MPX-19-5-BLK', 'Coroplast 833MPX Laminate PET-cloth/PET-non-woven Tape BLACK 19MM x 5M', 'VEN027', '174060', '833MPX', '19', '5', 'BLK', NULL, NULL, 'Tape'),
	('834MPX-19-5-BLK', 'Coroplast 834 MPX Laminate PA cloth/PET non-woven Tape BLACK 19MM x 5M', 'VEN027', '141009', '834MPX', '19', '5', 'BLK', NULL, NULL, 'Tape'),
	('835-19-25-BLK', 'Coroplast 835 PET-Cloth Woven Tape BLACK 19MM x 25M', 'VEN027', '172412', '835', '19', '25', 'BLK', NULL, NULL, 'Tape'),
	('835X-19-25-BLK', 'Coroplast 835X PET-Cloth Woven Tape BLACK 19MM x 25M', 'VEN027', '156361', '835X', '19', '25', 'BLK', NULL, NULL, 'Tape'),
	('835X-25-25-BLK', 'Coroplast 835X PET-Cloth Woven Tape BLACK 25MM x 25M', 'VEN027', '180814', '835X', '25', '25', 'BLK', NULL, NULL, 'Tape'),
	('835X-9-25-BLK', 'Coroplast 835X PET-Cloth Woven Tape BLACK 9MM x 25M', 'VEN027', '180389', '835X', '9', '25', 'BLK', NULL, NULL, 'Tape'),
	('8375X-19-25-BLK', 'Coroplast 8375X PET-Cloth Woven Tape Woven BLACK 19MM x 25M', 'VEN027', '92184', '8375X', '19', '25', 'BLK', NULL, NULL, 'Tape'),
	('8375X-19-25-ORG', 'Coroplast 8375X PET-Cloth Woven Tape Woven ORANGE 19MM x 25m', 'VEN027', '151210', '8375X', '19', '25', 'ORG', NULL, NULL, 'Tape'),
	('837X-19-25-BLK', 'Coroplast 837X PET-Cloth Woven Tape Woven BLACK 19MM x 25M', 'VEN027', '99631', '837X', '19', '25', 'BLK', NULL, NULL, 'Tape'),
	('837X-19-25-GRY', 'Coroplast 837X PET-Cloth Woven Tape Woven GRAY 19MM x 25M', 'VEN027', '224247', '837X', '19', '25', 'GRY', NULL, NULL, 'Tape'),
	('837X-19-25-ORG', 'Coroplast 837X PET-Cloth Woven Tape Woven ORANGE 19MM x 25M', 'VEN027', '147094', '837X', '19', '25', 'ORG', NULL, NULL, 'Tape'),
	('837X-25-25-BLK', 'Coroplast 837X PET-Cloth Woven Tape Woven BLACK 25MM x 25M', 'VEN027', '118710', '837X', '25', '25', 'BLK', NULL, NULL, 'Tape'),
	('837X-25-25-ORG', 'Coroplast 837X PET-Cloth Woven Tape Woven ORANGE 25MM x 25M', 'VEN027', '163271', '837X', '25', '25', 'ORG', NULL, NULL, 'Tape'),
	('837X-38-25-BLK', 'Coroplast 837X PET-Cloth Woven Tape Woven BLACK 38MM x 25M', 'VEN027', '99264', '837X', '38', '25', 'BLK', NULL, NULL, 'Tape'),
	('837XRT-35-10-BLK-RT', 'Coroplast 837X RT PET-Cloth woven Tape BLACK 35MM x 10M reverse taping', 'VEN027', '172995', '837XRT', '35', '10', 'BLK', NULL, NULL, 'Tape'),
	('838X-19-66-BLK', 'Coroplast 838X PET-Cloth Woven Tape BLACK 19MM x 66M', 'VEN027', '138831', '838X', '19', '66', 'BLK', NULL, NULL, 'Tape'),
	('838X-19-66-GRY', 'Coroplast 838X PET-Cloth Woven Tape GREY 19MM x 66M', 'VEN027', NULL, '838X', '19', '66', 'GRY', NULL, NULL, 'Tape'),
	('839-19-25-BLK', 'Coroplast 839 PET-Cloth Woven Tape BLACK 19MM x 25M', 'VEN027', '177227', '839', '19', '25', 'BLK', NULL, NULL, 'Tape'),
	('839X-19-25-BLK', 'Coroplast 839X PET-Cloth Woven Tape BLACK 19MM x 25M', 'VEN027', '154505', '839X', '19', '25', 'BLK', NULL, NULL, 'Tape'),
	('8510-19-10-BLK', 'Coroplast 8510 PET non-woven Tape BLACK 19MM x 10M', 'VEN027', '169355', '8510', '19', '10', 'BLK', NULL, NULL, 'Tape'),
	('8515X-19-10-BLK', 'Coroplast 8515X PET non-woven Tape BLACK 19MM x 10M', 'VEN027', '53400', '8515X', '19', '10', 'BLK', NULL, NULL, 'Tape'),
	('8550X-19-25-BLK', 'Coroplast 8550X PET non-woven Tape BLACK 19MM x 25M', 'VEN027', '102792', '8550X', '19', '25', 'BLK', NULL, NULL, 'Tape'),
	('8551-19-25-BLK', 'Coroplast 8551 PET non-woven Tape BLACK 19MM x 25m', 'VEN027', '105407', '8551', '19', '25', 'BLK', NULL, NULL, 'Tape'),
	('8551-9-25-BLK', 'Coroplast 8551 PET non-woven Tape BLACK 9MM x 25M', 'VEN027', '176644', '8551', '9', '25', 'BLK', NULL, NULL, 'Tape'),
	('8555X-19-20-BLK', 'Coroplast 8555X PET non-woven Tape BLACK 19MM x 20M', 'VEN027', '117852', '8555X', '19', '20', 'BLK', NULL, NULL, 'Tape'),
	('8575X-19-5-BLK', 'Coroplast 8575X PET non-woven Tape BLACK 19MM x 5M', 'VEN027', '53401', '8575X', '19', '5', 'BLK', NULL, NULL, 'Tape'),
	('880-19-15-BLK', 'Coroplast 880 PA-Velour binding Tape BLACK 19MM x 15M', 'VEN027', '111200', '880', '19', '15', 'BLK', NULL, NULL, 'Tape'),
	('CP-TKB0924 / 837X-5mm-25mm-ORG', '837X SST, PET cloth ORANGE 5mm x 25mm', NULL, '234350', 'CP-TKB0924 / 837X', '5mm', '25mm', 'ORG', NULL, NULL, 'Tape'),
	('E101707', 'DWT(RX), 4:1 SHRINK RATIO, 10.8 ID, CL, 100mm LENGTH', 'VEN002', 'E101707', NULL, NULL, NULL, NULL, NULL, NULL, 'Tube'),
	('E101710', 'DWT(RO),4:1 SHRINK RATIO, 7.40 ID, BK, 50mm LENGTH', 'VEN002', 'E101710', NULL, NULL, NULL, NULL, NULL, NULL, 'Tube'),
	('ET008-50', 'BluSeal ET008-50 gram Bottle with UV Tracer', 'VEN003', 'CE6039', NULL, NULL, NULL, NULL, NULL, NULL, 'BluSeal'),
	('ET008-500', 'BluSeal ET008-500 gram Bottle with UV Tracer', 'VEN003', 'CE6038', NULL, NULL, NULL, NULL, NULL, NULL, 'BluSeal'),
	('P000030', 'ET00 SWS135-55PXV000, 3.2/1.6-Black', 'VEN238', 'P000030', NULL, NULL, NULL, NULL, 'ET00', 'D000002', 'Tube'),
	('P000042', 'ET10 DWS125-40PXGEVS, 8/2-30mm Black', 'VEN238', 'P000042', NULL, NULL, NULL, NULL, 'ET10', 'D000004', 'Tube'),
	('P000043', 'ET10 DWS125-40PXGEVS, 12/3-50mm Black', 'VEN238', 'P000043', NULL, NULL, NULL, NULL, 'ET10', 'D000004', 'Tube'),
	('P000053', 'ET22 DWS125-40PXYEVH, 18.3/4.5-50mm BLK', 'VEN238', 'P000053', NULL, NULL, NULL, NULL, 'ET22', 'D000030', 'Tube'),
	('P000106', 'ET22 DWS125-40PXYEVH, 5.7/1.3-50mm BLK', 'VEN238', 'P000106', NULL, NULL, NULL, NULL, 'ET22', 'D000030', 'Tube'),
	('P000109', 'ET22-7.5/1.7-Blk-35mm', 'VEN238', 'P000109', NULL, NULL, NULL, NULL, 'ET22', 'D000030', 'Tube'),
	('P000110', 'ET00-3.2/1.6-30MM-BLK', 'VEN238', 'P000110', NULL, NULL, NULL, NULL, 'ET00', 'D000002', 'Tube'),
	('P000115', 'ET72-9.5/4.8-38MM-BLK', 'VEN001', 'P000115', NULL, NULL, NULL, NULL, 'ET72', 'D000066', 'Tube'),
	('P000116', 'ET22 DWS125-40PXYEVH, 5.7/1.3-20mm BLK', 'VEN238', NULL, NULL, NULL, NULL, NULL, 'ET22', 'D000030', 'Tube'),
	('P000117', 'ET22 DWS125-40PXYEVH, 5.7/1.3-35mm BLK', 'VEN238', 'P000117', NULL, NULL, NULL, NULL, 'ET22', 'D000030', 'Tube'),
	('P000121', 'ET22 DWS125-40PXYEVH, 7.5/1.7-50mm BLK', 'VEN238', 'P000121', NULL, NULL, NULL, NULL, 'ET22', 'D000030', 'Tube'),
	('P000198', 'ET10-12.0/3.0-35MM-BLK', 'VEN238', 'P000198', NULL, NULL, NULL, NULL, 'ET10', 'D000004', 'Tube'),
	('P000215', 'ET25-5.7/1.3-BLK-65MM', 'VEN001', 'P000215', NULL, NULL, NULL, NULL, 'ET25', 'D000060', 'Tube'),
	('P000217', 'ET25-11.0/2.5-65mm BLK', 'VEN001', 'P000217', NULL, NULL, NULL, NULL, 'ET25', 'D000060', 'Tube'),
	('P000238', 'ET87-27.9/8.4-BLK-50mm', 'VEN001', 'P000238', NULL, NULL, NULL, NULL, 'ET87', 'D000073', 'Tube'),
	('P000260', 'ET14-5.7/1.3-40MM-BLK', 'VEN238', NULL, NULL, NULL, NULL, NULL, 'ET14', 'D000008', 'Tube'),
	('P000269', 'ET25-11.0/2.5-BLK-45MM', 'VEN001', 'P000269', NULL, NULL, NULL, NULL, 'ET25', 'D000060', 'Tube'),
	('P000270', 'ET25-11.0/2.5-120MM-RED', 'VEN001', 'P000270', NULL, NULL, NULL, NULL, 'ET25', 'D000060', 'Tube'),
	('P000285', 'ET25-14.0/3.0-BLK-45MM', NULL, NULL, NULL, NULL, NULL, NULL, 'ET25', 'D000060', 'Tube'),
	('P000286', 'ET25-14.0/3.0-BLK-65MM', 'VEN001', NULL, NULL, NULL, NULL, NULL, 'ET25', 'D000060', 'Tube'),
	('P000289', 'ET25-5.7/1.3-27MM-BLK', 'VEN001', 'P000289', NULL, NULL, NULL, NULL, 'ET25', 'D000060', 'Tube'),
	('P000318', 'ET25-18.3/4.5-37MM-BLK', 'VEN001', NULL, NULL, NULL, NULL, NULL, 'ET25', 'D000060', 'Tube'),
	('P000336', 'ET25-5.7/1.3R-BLK-30mm', 'VEN001', 'P000336', NULL, NULL, NULL, NULL, 'ET25', 'D000060', 'Tube'),
	('P000360', 'ET25-11.0/2.4R-BLK-30mm', 'VEN001', 'P000360', NULL, NULL, NULL, NULL, 'ET25', 'D000060', 'Tube'),
	('P000415', 'ET25-18.3/4.5R-BK-50mm', 'VEN001', 'P000415', NULL, NULL, NULL, NULL, 'ET25', 'D000060', 'Tube'),
	('P000677', 'ET84-5.7/1.3-BLK-35mm', 'VEN001', 'P000677', NULL, NULL, NULL, NULL, 'ET84', 'D000078', 'Tube'),
	('P000708', 'ET70-1.6/0.8-BLK-50mm', 'VEN001', 'P000708', NULL, NULL, NULL, NULL, 'ET70', 'D000070', 'Tube'),
	('P001078', 'ET49-9.5/4.8-BLK-50mm', 'VEN238', NULL, NULL, NULL, NULL, NULL, 'ET49', 'D000063', 'Tube'),
	('P001080', 'ET87-11.6/2.5-BLK-33mm', 'VEN001', NULL, NULL, NULL, NULL, NULL, 'ET87', 'D000073', 'Tube'),
	('P001081', 'ET87-17.8/4.4-BLK-33mm', 'VEN001', NULL, NULL, NULL, NULL, NULL, 'ET87', 'D000073', 'Tube'),
	('P001083', 'ET87-11.6/2.5-RED-33mm', 'VEN001', NULL, NULL, NULL, NULL, NULL, 'ET87', 'D000073', 'Tube'),
	('P001085', 'ET87-11.6/2.5-BLK-40mm', 'VEN001', NULL, NULL, NULL, NULL, NULL, 'ET87', 'D000073', 'Tube'),
	('P001107', 'ET05-7.5/2.5-BK-35mm - no print', 'VEN001', 'P001107', NULL, NULL, NULL, NULL, 'ET05', 'D000049', 'Tube'),
	('P001117', 'ET00-4.8/2.4-BK-35mm - no print', 'VEN238', 'P001117', NULL, NULL, NULL, NULL, 'ET00', 'D000002', 'Tube'),
	('P001153', 'ET25-28.0/7.0-BK-50mm', 'VEN001', 'P001153', NULL, NULL, NULL, NULL, 'ET25', 'D000060', 'Tube'),
	('P500000', 'Coroflex 9-2652 FHL2G 50.0mm²/0.21-ORG', 'VEN004', '171953', NULL, NULL, NULL, NULL, NULL, NULL, 'Cable'),
	('P500001', 'Coroflex 9-2611 FHLR2GCB2G 4.0mm²/0.21-ORG', 'VEN004', '158543', NULL, NULL, NULL, NULL, NULL, NULL, 'Cable'),
	('P500002', 'Coroflex 9-2611 FHLR2GCB2G 6.0mm²/0.21-ORG', 'VEN004', '229226', NULL, NULL, NULL, NULL, NULL, NULL, 'Cable'),
	('P500003', 'Coroflex 9-2611 FHLR2GCB2G 10.0mm²/0.21-ORG', 'VEN004', '157090', NULL, NULL, NULL, NULL, NULL, NULL, 'Cable'),
	('P500004', 'Coroflex 9-2611 FHLR2GCB2G 16.0mm²/0.21-ORG', 'VEN004', '153792', NULL, NULL, NULL, NULL, NULL, NULL, 'Cable'),
	('P500005', 'Coroflex 9-2611 FHLR2GCB2G 25.0mm²/0.21-ORG', 'VEN004', '153797', NULL, NULL, NULL, NULL, NULL, NULL, 'Cable'),
	('P500006', 'Coroflex 9-2611 FHLR2GCB2G 35.0mm²/0.21-ORG', 'VEN004', '153802', NULL, NULL, NULL, NULL, NULL, NULL, 'Cable'),
	('P500007', 'Coroflex 9-2611 FHLR2GCB2G 50.0mm²/0.21-ORG', 'VEN004', '153807', NULL, NULL, NULL, NULL, NULL, NULL, 'Cable'),
	('P500008', 'Coroflex 9-2611 FHLR2GCB2G 70.0mm²/0.21-ORG', 'VEN004', '177985', NULL, NULL, NULL, NULL, NULL, NULL, 'Cable'),
	('P500009', 'Coroflex 9-2611 FHLR2GCB2G 95.0mm²/0.21-ORG', 'VEN004', '177987', NULL, NULL, NULL, NULL, NULL, NULL, 'Cable'),
	('P500010', 'Coroflex 9-2621 FHL2GCB2G 120.0mm²/0.21-ORG', 'VEN004', '185266', NULL, NULL, NULL, NULL, NULL, NULL, 'Cable'),
	('P500011', 'Coroflex 9-2652 FHL2G 4.0mm²/0.21-ORG', 'VEN004', '169723', NULL, NULL, NULL, NULL, NULL, NULL, 'Cable'),
	('P500012', 'Coroflex 9-2652 FHL2G 6.0mm²/0.21-ORG', 'VEN004', '224900', NULL, NULL, NULL, NULL, NULL, NULL, 'Cable'),
	('P500013', 'Coroflex 9-2652 FHL2G 10.0mm²/0.21-ORG', 'VEN004', '208146', NULL, NULL, NULL, NULL, NULL, NULL, 'Cable'),
	('P500014', 'Coroflex 9-2652 FHL2G 16.0mm²/0.21-ORG', 'VEN004', '193275', NULL, NULL, NULL, NULL, NULL, NULL, 'Cable'),
	('P500015', 'Coroflex 9-2652 FHL2G 25.0mm²/0.21-ORG', 'VEN004', '175374', NULL, NULL, NULL, NULL, NULL, NULL, 'Cable'),
	('P500016', 'Coroflex 9-2652 FHL2G 35.0mm²/0.21-ORG', 'VEN004', '167237', NULL, NULL, NULL, NULL, NULL, NULL, 'Cable'),
	('P500017', 'Coroflex 9-2652 FHL2G 70.0mm²/0.21-ORG', 'VEN004', '193274', NULL, NULL, NULL, NULL, NULL, NULL, 'Cable'),
	('P500018', 'Coroflex 9-2652 FHL2G 95.0mm²/0.21-ORG', 'VEN004', '190544', NULL, NULL, NULL, NULL, NULL, NULL, 'Cable'),
	('P500019', 'Coroflex 9-2652 FHL2G 120.0mm²/0.21-ORG', 'VEN004', '223442', NULL, NULL, NULL, NULL, NULL, NULL, 'Cable'),
	('P500020', 'Coroflex 9-2642 FHLR2G2G 2x6mm²-ORG', 'VEN004', '173020', NULL, NULL, NULL, NULL, NULL, NULL, 'Cable'),
	('P500021', 'Coroflex 9-2641 FHLR2GCB2G 2x4.0mm²-ORG', 'VEN004', '153706', NULL, NULL, NULL, NULL, NULL, NULL, 'Cable'),
	('P500022', 'Coroflex 9-2641 FHLR2GCB2G 3x4.0mm²-ORG', 'VEN004', '165123', NULL, NULL, NULL, NULL, NULL, NULL, 'Cable'),
	('P500023', 'Coroflex 9-2641 FHLR2GCB2G 2x6.0mm²-ORG', 'VEN004', '147794', NULL, NULL, NULL, NULL, NULL, NULL, 'Cable'),
	('P500024', 'Coroflex 9-2641 FHLR2GCB2G 3x6.0mm²-ORG', 'VEN004', '174565', NULL, NULL, NULL, NULL, NULL, NULL, 'Cable'),
	('P500025', 'Coroflex 9-2641 FHLR2GCB2G 4x6.0mm²-ORG', 'VEN004', '196024', NULL, NULL, NULL, NULL, NULL, NULL, 'Cable'),
	('P500026', 'Coroflex 9-2641 FHLR2GCB2G 5x6.0mm²-ORG', 'VEN004', '155658', NULL, NULL, NULL, NULL, NULL, NULL, 'Cable'),
	('P500027', 'Coroflex 9-2632 FHLALR2GCB2G 70mm²-ORG', 'VEN004', '222024', NULL, NULL, NULL, NULL, NULL, NULL, 'Cable'),
	('P500028', 'Coroflex 9-2641 FHLR2GCB2G 2x2.5mm²-ORG', 'VEN004', '153702', NULL, NULL, NULL, NULL, NULL, NULL, 'Cable'),
	('P500029', 'Coroflex 9-2642 FHLR2G2G 4x6mm²-ORG', 'VEN004', NULL, NULL, NULL, NULL, NULL, NULL, NULL, 'Cable'),
	('P500030', 'Coroflex 9-2641 FHLR2GCB2G+FLR7YB2G 2x4mm²+2x0.35x0.35-ORG', 'VEN004', NULL, NULL, NULL, NULL, NULL, NULL, NULL, 'Cable'),
	('P500031', 'Coroflex 9-2641 FHLR2GCB2G 3x2.5mm²-ORG', 'VEN004', '155582', NULL, NULL, NULL, NULL, NULL, NULL, 'Cable'),
	('P500032', 'Coroflex 9-2632 FHLALR2GCB2G 35mm²-ORG', 'VEN004', NULL, NULL, NULL, NULL, NULL, NULL, NULL, 'Cable'),
	('P500033', 'Coroflex 9-2632 FHLALR2GCB2G 50mm²-ORG', 'VEN004', '216355', NULL, NULL, NULL, NULL, NULL, NULL, 'Cable'),
	('P500034', 'Coroflex 9-2632 FHLALR2GCB2G 95mm²-ORG', 'VEN004', '221153', NULL, NULL, NULL, NULL, NULL, NULL, 'Cable'),
	('P500035', 'Coroflex 9-2641 FHLR2GCB2G 4x6.0mm²-ORG', 'VEN004', '174040', NULL, NULL, NULL, NULL, NULL, NULL, 'Cable'),
	('P500036', 'Coroflex 9-2617 ISO T180 FHLR2GCB2G 35.0mm²/0.21-ORG', 'VEN004', '222874', NULL, NULL, NULL, NULL, NULL, NULL, 'Cable'),
	('P500037', 'Coroflex 9-2617 ISO T180 FHLR2GCB2G 50.0mm²/0.21-ORG', 'VEN004', '218170', NULL, NULL, NULL, NULL, NULL, NULL, 'Cable'),
	('P500038', 'Coroflex 9-2617 ISO T180 FHLR2GCB2G 70.0mm²/0.21-ORG', 'VEN004', '218171', NULL, NULL, NULL, NULL, NULL, NULL, 'Cable'),
	('P500039', 'Coroflex 9-2617 ISO T180 FHLR2GCB2G 95.0mm²/0.21-ORG', 'VEN004', '218172', NULL, NULL, NULL, NULL, NULL, NULL, 'Cable'),
	('P500040', 'Coroflex 9-2617 ISO T180 FHLR2GCB2G 120.0mm²/0.21-ORG', 'VEN004', '238568', NULL, NULL, NULL, NULL, NULL, NULL, 'Cable'),
	('P500041', 'Coroflex 9-2641 FHLR2GCB2G 4x4.0mm²-ORG', 'VEN004', '179519', NULL, NULL, NULL, NULL, NULL, NULL, 'Cable'),
	('P500042', 'Coroflex 9-2622 FHL2GCB2G 2.5mm²/0.21-ORG', 'VEN004', '183141', NULL, NULL, NULL, NULL, NULL, NULL, 'Cable'),
	('P500043', 'Coroflex 9-2611 FHLR2GCB2G 50.0mm²/0.21-ORG w/ black stripe', 'VEN004', '176709', NULL, NULL, NULL, NULL, NULL, NULL, 'Cable'),
	('P500044', 'Coroflex 9-2615 FHLR2GCB2G 50.0mm²/0.21-ORG', 'VEN004', '208273', NULL, NULL, NULL, NULL, NULL, NULL, 'Cable');

-- Dumping structure for table eurotechdb.users
CREATE TABLE IF NOT EXISTS `users` (
  `ID` int NOT NULL AUTO_INCREMENT,
  `Username` varchar(30) NOT NULL,
  `Password` varchar(25) NOT NULL,
  `Role` varchar(13) DEFAULT NULL,
  PRIMARY KEY (`ID`),
  UNIQUE KEY `Username` (`Username`)
) ENGINE=InnoDB AUTO_INCREMENT=6 DEFAULT CHARSET=utf8mb4 COLLATE=utf8mb4_0900_ai_ci;

-- Dumping data for table eurotechdb.users: ~2 rows (approximately)
INSERT INTO `users` (`ID`, `Username`, `Password`, `Role`) VALUES
	(1, 'Admin', 'admin', 'Administrator'),
	(2, 'Santiago', 'santi', 'User');

-- Dumping structure for table eurotechdb.vendors
CREATE TABLE IF NOT EXISTS `vendors` (
  `Vendor_ID` varchar(10) NOT NULL,
  `Name` varchar(70) CHARACTER SET utf8mb4 COLLATE utf8mb4_0900_ai_ci NOT NULL,
  `Short_name` varchar(20) CHARACTER SET utf8mb4 COLLATE utf8mb4_0900_ai_ci NOT NULL,
  PRIMARY KEY (`Vendor_ID`),
  UNIQUE KEY `Name` (`Name`),
  UNIQUE KEY `Short_name` (`Short_name`)
) ENGINE=InnoDB DEFAULT CHARSET=utf8mb4 COLLATE=utf8mb4_0900_ai_ci;

-- Dumping data for table eurotechdb.vendors: ~6 rows (approximately)
INSERT INTO `vendors` (`Vendor_ID`, `Name`, `Short_name`) VALUES
	('VEN001', 'ETC', 'ETC'),
	('VEN002', 'KTG', 'KTG'),
	('VEN003', 'Toagosei', 'TGA'),
	('VEN004', 'Coroflex', 'Coroflex'),
	('VEN027', 'Coroplast Tape Corporation', 'Coroplast'),
	('VEN238', 'Union Polymer Material CO.,LTD', 'UPM');

/*!40103 SET TIME_ZONE=IFNULL(@OLD_TIME_ZONE, 'system') */;
/*!40101 SET SQL_MODE=IFNULL(@OLD_SQL_MODE, '') */;
/*!40014 SET FOREIGN_KEY_CHECKS=IFNULL(@OLD_FOREIGN_KEY_CHECKS, 1) */;
/*!40101 SET CHARACTER_SET_CLIENT=@OLD_CHARACTER_SET_CLIENT */;
/*!40111 SET SQL_NOTES=IFNULL(@OLD_SQL_NOTES, 1) */;
